,uh,error_dl,min_dl,max_dl,error_ac,min_ac,max_ac,error_dev,min_dev,max_dev,error_lstm,min_lstm,max_lstm
0,0.018,0.1103727366002848,0.10248172701019942,0.12615475578045557,1.7540493286680598,1.750112330980271,1.7619233240436378,1.7885353322419002,1.7737722589903666,1.795916868867667,0.17106957282460286,0.07660855099916815,0.3599916164754722
1,0.019,0.07961209944801656,0.05938852761398363,0.09349815517730167,1.6799295490710424,1.6616268107352992,1.7352692320349294,1.7113153884911532,1.4580017788607873,1.8736549190790097,0.269865085543514,0.18797724537359864,0.31957384316204296
2,0.02,0.04715844080443409,0.015995249689987463,0.1257372832940037,1.6497674771348105,1.62718613984515,1.6690611360648093,1.606464454760952,1.513198631253582,1.725415865007077,0.17294361102771236,0.1071590030588303,0.30231678732003914
3,0.021,0.07152465286650034,0.0008842379146970281,0.13571188285196029,1.5916779869615332,1.5643534093056992,1.6084063312574146,1.5844027614271925,1.5228110016136303,1.6702169902229105,0.15403035775647556,0.010692840445813308,0.32217601382849764
4,0.022,0.10555302627561222,0.0010528899223470117,0.22094699640593407,1.4995895662649958,1.4895084520469872,1.56745412709038,1.612324362108041,1.4574544892103123,1.7542254557753507,0.016424329596964972,0.005999943236697327,0.03594067910217503
5,0.023,0.08387037890362993,0.0111478272040356,0.2586469683382313,1.4925620940264828,1.4400781081216842,1.5392365909210213,1.4393036195348337,1.3545879062040689,1.531007145999891,0.1297190238710344,0.04772773808490911,0.29543861656973164
6,0.025,0.07443447794096653,0.017862501916609628,0.1762260474364943,1.4304336759357723,1.385794269789024,1.5129042352803201,1.585053060277424,1.3012723552396124,2.0385364380001647,0.2743168169130945,0.2021753773950212,0.37629395261383347
7,0.026,0.11904631425765656,0.023193672095392342,0.19405504311238606,1.4163748181803368,1.3973061181757653,1.4795523115769194,1.2131787163107317,1.0298238445255177,1.5698081883774753,0.27723105810241777,0.23664598979678242,0.3252832574533886
8,0.027,0.11970667048980609,0.03821444903931898,0.19987703022353984,1.3854327098846895,1.3607170002821725,1.3968693136491193,1.3747317008307438,1.3076100768625916,1.525911887767856,0.32348528246163183,0.29780264428945946,0.36359687701165894
9,0.028,0.0809928341345391,0.0809928341345391,0.0809928341345391,1.3423682635983258,1.3423682635983258,1.3423682635983258,1.1636121805525597,1.1636121805525597,1.1636121805525597,0.3270086808638159,0.3270086808638159,0.3270086808638159
10,0.029,0.14276397298070728,0.14276397298070725,0.14276397298070725,1.6904563080634714,1.6904563080634718,1.6904563080634718,1.712919910676959,1.712919910676959,1.712919910676959,0.054409060817384114,0.054409060817384114,0.054409060817384114
11,0.03,0.049325565298175875,0.026898548752323347,0.0813641603636795,1.532750110735039,1.4311913138046513,1.6778341063498785,1.6693905062895293,1.6418876479566236,1.7086803039079657,0.29143136159373867,0.17967687919635217,0.36965949927190916
12,0.031,0.0681829802970753,0.010149765971510722,0.13599530035249574,1.6399638389015438,1.5999684924124886,1.6635346340763255,1.638261314243206,1.5650550816389341,1.703100547719863,0.16573410404505362,0.07652138437004125,0.2036097222459516
13,0.032,0.12912744446582544,0.12912744446582544,0.12912744446582544,1.5687618837203086,1.5687618837203086,1.5687618837203086,1.2729811354465979,1.272981135446598,1.272981135446598,0.09064681890309784,0.09064681890309784,0.09064681890309784
14,0.033,0.04353931036580711,0.04353931036580711,0.04353931036580711,1.6180985122371676,1.6180985122371676,1.6180985122371676,1.6037707316206575,1.6037707316206575,1.6037707316206575,0.16031847390100723,0.16031847390100723,0.16031847390100723
15,0.034,0.06877071281361931,0.011979302909528552,0.1786369454759774,1.5476441871625897,1.483646584091127,1.6167400785331705,1.394160066295278,1.1205389260280827,1.6143327561374574,0.10333156512247162,0.008650017008384915,0.3779316627849542
16,0.035,0.09114171462298344,0.08442809410563074,0.10400676343553272,1.5413757120810312,1.524325550781141,1.5606043141928336,1.7997185409347063,1.532885120356658,2.2074785588275927,0.04318117122956758,0.019135750642287515,0.0648853454433543
17,0.036,0.10836181030506324,0.027517644239722996,0.24488504114768472,1.500332505877508,1.441164203107377,1.6169006189792665,1.483045700461417,1.322890893743466,1.6903507885610418,0.11643242209338522,0.08291436771176937,0.14724308185343785
18,0.037,0.05229612257467035,0.007850774297346064,0.10926004867316799,1.4216797566369967,1.2948094153393686,1.5764310751155608,1.1946538192067766,0.6907911251686762,1.5772439170185484,0.19268603830870465,0.11115726363863933,0.34497103491297004
19,0.038,0.09403307210772399,0.022957811455146037,0.17859973696436543,1.4939460978014647,1.2430408889347193,1.7544355880931173,1.428110851264613,1.2098084367997466,1.6885924569349535,0.18821294711659875,0.15125965440298772,0.26191825599672885
20,0.039,0.14765317954688612,0.019010685545741656,0.28092309531108517,1.6300359041583834,1.4152140637183268,1.907207434044068,1.5779822679478965,1.317841312116262,1.7836455673586875,0.4083121195963153,0.17818707395645883,0.8182749688625308
21,0.04,0.06629431049128845,0.034069019727237186,0.09846293008602033,1.6191052035708167,1.4187898544854085,1.7257399833109353,1.6131420592195649,1.1341361017135616,1.7945341731781728,0.1878720584113438,0.021412308817573087,0.29973943404726516
22,0.041,0.05056293549626185,0.021592302851943714,0.07422115497523202,1.6287252429134067,1.4016021212664158,1.7419968534080297,1.6231445762755048,1.3502716490264313,1.8688895735749422,0.17523797817323164,0.09557192920754706,0.3231610544768013
23,0.042,0.09585153766553911,0.008490110171659244,0.17760497204974088,1.5260431368652407,1.3547474830952095,1.6532157963863918,1.5149686282688357,1.2577772391483384,1.7165853685956538,0.2219132908729083,0.003013320096579723,0.39295606115872594
24,0.043,0.08837120630509397,0.08837120630509397,0.08837120630509397,1.3859339000316073,1.3859339000316073,1.3859339000316073,1.320665234688101,1.320665234688101,1.320665234688101,0.3490960711989007,0.3490960711989007,0.3490960711989007
25,0.044,0.0671420557456733,0.001332606821443739,0.16202293936293966,1.5367034383668896,1.2806734421333574,1.6141834000762876,1.5239607308362377,1.321941268829301,1.6566744603252075,0.11964941261233938,0.02785183942374048,0.3747730284653837
26,0.045,0.11173363882747707,0.005719067590652096,0.27378372717074234,1.5126759347577923,1.3755744940808654,1.6355783322645778,1.2048048201158914,0.3860545260189581,1.6268652899875817,0.1254902164242279,0.013277226186466137,0.40852375022986487
27,0.046,0.07239361809896752,0.023721511289073394,0.12084688465749235,1.6111123415958621,1.3103764386914907,1.7735813712232689,1.346960231331485,0.01883316726853905,1.8547086892966695,0.09281614475189126,0.012074098674528485,0.4306247874661048
28,0.047,0.06882450103901344,0.013205402294796031,0.11875811194250276,1.46396049998605,1.380535532468875,1.5351311635903104,1.7308232417559728,1.4382365770089056,2.151104157789008,0.10350315147097347,0.010257082376596985,0.23659935786173594
29,0.048,0.05558769157095343,0.03953712112578151,0.10195898061023466,1.438036104371244,1.2768948548848866,1.552885021726754,1.1175086129527887,0.35135523263727575,1.5809344475876135,0.11444693479779869,0.05773997411678018,0.18877030458506006
30,0.049,0.026142916967813047,0.001559669167048342,0.0700367998282116,1.4776202885820078,1.423757958195317,1.5028265101896807,1.449537125798125,1.3629205439144174,1.5538457048442138,0.21903996614391139,0.10816070146361982,0.3485426128395189
31,0.05,0.08459257460096495,0.033230555356755696,0.12558191582464695,1.6151935100153834,1.4872676610940363,1.7221767730110973,1.2778819796108232,0.6090980345794225,1.7328669248419262,0.16164740525654028,0.06144972352690511,0.3116311591476112
32,0.051,0.05117175367528486,0.006599284929053264,0.07740170311428413,1.416809527983367,1.0662629248926063,1.7731198141410072,1.3423569077576991,0.9668159022278702,1.98544947898786,0.5765645044243236,0.22777480537857345,0.8895357555105488
33,0.052,0.07591218449022442,0.03670895048474185,0.10795084924408793,1.5123566723663266,1.318940905543511,1.6640150386501131,1.2867984805302508,0.9303323311556994,1.659632346297341,0.22254708066883777,0.16571513614839753,0.30970187704429997
34,0.053,0.06951016669923589,0.06951016669923589,0.06951016669923589,1.6614496418921083,1.6614496418921083,1.6614496418921083,1.9069223661111976,1.9069223661111974,1.9069223661111974,0.033969809142026845,0.033969809142026845,0.033969809142026845
35,0.054,0.05737946138795801,0.05737946138795801,0.05737946138795801,1.417445699929546,1.4174456999295457,1.4174456999295457,1.3251644048793416,1.3251644048793416,1.3251644048793416,0.29959875458719404,0.29959875458719404,0.29959875458719404
36,0.055,0.05433635905221732,0.024981489771043076,0.10804463393067451,1.5601857003436463,1.384626811791463,1.6987226450341752,1.5710945217981347,1.307025163253228,1.85545568679233,0.07641563661251231,0.007996503355382755,0.24916013460725422
37,0.056,0.025506228274987955,0.025244532312669567,0.025802817032282127,1.5644302685451454,1.5538804422658465,1.5737389387915859,1.4595549046505385,1.3508243026119293,1.5554936711551937,0.16932831638800666,0.06570740597588333,0.2867653481884131
38,0.057,0.039890861717948395,0.011535728221557504,0.13007599224123922,1.423079259106164,1.2692556034522275,1.6721550793658824,1.3197881844658732,1.0311625759760148,1.764735601415368,0.19262523719504493,0.03173635897429069,0.5240979497937245
39,0.058,0.09460398545562211,0.006599530540559884,0.19420943742958652,1.5387748493881865,1.3408537498258768,1.8068228368504207,1.2695291665160644,0.2676031917033754,1.6427634966842235,0.11369751930142576,0.001655372657723499,0.35786237763988255
40,0.059,0.09386531305680544,0.03719805447742231,0.12872665361037636,1.508476763898915,1.3446401518909774,1.5935777940601863,1.4624880965119658,1.4194204154674348,1.512268792644782,0.27444038536431176,0.0075260129054608325,0.5116960469655796
41,0.06,0.04452873476180216,0.004473722559735521,0.10045743140343542,1.5044247110930624,1.3041920686317723,1.5734735985917032,1.395354138769469,1.036070601117449,1.7440565524858047,0.1157650032047502,0.04603913586304401,0.37101369789696925
42,0.061,0.12253020955210968,0.11905432561403193,0.12861300644374576,1.5447312625296705,1.2733911122053494,1.699782777000711,1.4818260045506586,1.2550075118127033,1.6114365718294905,0.2188565437911218,0.11712193877151714,0.39689210257543
43,0.062,0.04241501186326398,0.03301640571099939,0.06941537938400918,1.5051031839435693,1.3126711728038212,1.6443501742463065,1.2030763238490079,0.9136563266899139,1.507827078312213,0.16822933588157227,0.07454475445637122,0.41503958576196276
44,0.063,0.09142755804256172,0.02940248326068984,0.12575416780379894,1.439807115338881,1.3775620839966218,1.4865996859089317,1.6706619573825439,1.5537871936458014,1.847362917516345,0.1841158708302217,0.10379371831798302,0.2599119757694816
45,0.064,0.14335554810640158,0.14335554810640155,0.14335554810640155,1.494429170436951,1.494429170436951,1.494429170436951,1.1333490751848436,1.1333490751848438,1.1333490751848438,0.4745468953261683,0.4745468953261683,0.4745468953261683
46,0.065,0.09474927361969322,0.011131330697375793,0.2017910647732659,1.5619365957059201,1.4145277282650452,1.652345949157735,1.392518307957447,0.777662332219324,1.818913897520632,0.12714091087570795,0.03263039436385534,0.2084348058219581
47,0.066,0.0763297122799548,0.014818545857038363,0.18182016770851248,1.5482226464854603,1.3533389738297736,1.7334702904059192,1.3775264631637523,0.7415033252218624,2.134578419254184,0.13725616983570768,0.014378945059400178,0.27939710375337934
48,0.067,0.1229829951607929,0.06452582426025104,0.18619074838547686,1.2767419417027448,1.10751350962221,1.528648223707852,1.6676981526278485,1.2372578197490742,2.0415775162287777,0.1438442293608126,0.09340521446101498,0.24032779186339284
49,0.068,0.07448790081578008,0.03708713807925675,0.10358442733536881,1.6056467128565277,1.4882438505232372,1.6966348742263848,1.2578415114687171,0.7678975361269936,1.6818034601928002,0.14132386672615893,0.07297065028859581,0.24474111081986352
50,0.069,0.16316046472707157,0.07301611830493947,0.23315309019418987,1.643683492824837,1.5744526450645777,1.739902464160929,1.7845897226568899,1.5273502618892096,1.9796746509100065,0.05422882874822682,0.02365501104353864,0.08521219288259903
51,0.07,0.08970503800749656,0.0061358751711356385,0.1577891673964346,1.2495313183416656,0.6720337295296601,1.722426490924714,1.3030130905370332,0.7202644290675427,1.668824275578154,0.277549815857398,0.025490018233313087,0.5156186733764482
52,0.071,0.0318696045117102,0.003228941509703563,0.07529394567644482,1.2882886251655552,0.5469289853999564,1.736106741125255,1.8179992576367636,1.734238944325709,1.9284152585793084,0.27116271075327547,0.24901198816793937,0.29911367340559625
53,0.072,0.060286328244488915,0.005666707211251363,0.14451093859301414,0.9654243924241278,0.43628708742621164,1.4688934236450344,0.9662744797984436,0.41992584176722414,1.3667564115064759,0.11180112650787055,0.06943300425655707,0.18851958365140098
54,0.073,0.03411513911937724,0.007144401109056429,0.05557977674829368,1.6327665773931046,1.328684726577877,2.0846116713734184,1.3900668654274133,1.045664818699997,1.4975692918128016,0.2107022732954538,0.06716530743301771,0.33349878508351716
55,0.074,0.039325429972292686,0.0073064769281462735,0.061492397464394055,1.5975139320197345,1.3812170088441023,1.7472579557567112,1.4824386770794644,1.1460689153629573,1.715310050575507,0.2773122134725679,0.20110820345656077,0.3873846723845782
56,0.075,0.050635054737291824,0.050635054737291824,0.050635054737291824,1.3544546159813924,1.3544546159813924,1.3544546159813924,0.9319461605441197,0.9319461605441198,0.9319461605441198,0.3723901027781552,0.3723901027781552,0.3723901027781552
57,0.076,0.11656209292753947,0.07133184449748553,0.18874320823916255,1.3232547870156952,0.9364594637329806,1.6202709514959204,1.3051547714030873,1.0977359546282706,1.481772232555298,0.13087728989627065,0.1169898885377049,0.15690767229871616
58,0.077,0.05657858994799714,0.02291967325501831,0.09152969216297922,1.5147457466844274,1.331048502706265,1.699048776834921,1.3205593251730046,0.9497354132752844,1.4420237480008034,0.14322444112919577,0.06276733714543131,0.4120496784077315
59,0.078,0.04005475189499926,0.005659032795572756,0.07786550347835944,1.5592219657940076,1.4768166653158368,1.6025799592642127,1.5039116023148846,1.362479769412623,1.6300891856227646,0.09655161116463566,0.030036066453475826,0.1578197411252302
60,0.079,0.06763573821118536,0.023121478436754685,0.13605493305749217,1.2729607914356196,0.2866713418518007,1.7347982581965817,1.388646909256452,0.6981768931219919,1.995830975963976,0.1846588489776498,0.03857580721829334,0.42863113987495777
61,0.08,0.052928381691151286,0.007656925287677304,0.15919696095578434,1.5275188261590376,1.2969136862065644,1.763261972074598,1.4905282059242981,1.1149677627966121,1.9172013529961365,0.1431749497614124,0.02602547165459505,0.2954057425943031
62,0.081,0.08777515495820913,0.03404664649886092,0.14889382187628558,1.530455721478503,1.3868279737133067,1.728504070520208,1.6768011078682352,1.2964175736536874,1.8926826252446678,0.09650563880233418,0.037958601389395406,0.2270784185698073
63,0.082,0.11619356781725047,0.010020343751940797,0.24604259811603635,1.2845479307455414,0.3217059071154003,1.6656255574989745,1.3607511898368236,0.24481070925636547,1.9626619533052558,0.21752463866533348,0.07949865576567611,0.2793931143374745
64,0.083,0.059116326738016256,0.03373406766834729,0.08062697183017938,1.2638794533852036,0.6012728440627895,1.5561899937700834,1.206568306045337,0.7097432411424406,1.5595792891954348,0.18979193262245192,0.08293140037565537,0.2418587997173296
65,0.084,0.04788677494902033,0.009397648924554346,0.10401675040136654,0.9713668414413508,0.7259219386548215,1.3293073246717062,1.844769508354809,1.1823364098764102,2.299009347311425,0.3704927896875089,0.20673335286216335,0.6093086350578046
66,0.085,0.11553042915327501,0.04264262036243824,0.1719597004752131,1.5269228676376325,1.4813109838592031,1.562235293788675,1.2291299823864676,0.863133746686481,1.5124819067993598,0.18455350200527107,0.10822224435005483,0.2831480431432588
67,0.086,0.06815410146295903,0.039243364739693684,0.09612007789727596,1.415349720664817,0.8911307128343703,1.7173895265135846,1.4456232877176296,1.3071043977762997,1.6811592230324448,0.125774396590493,0.020299542092391046,0.1848422645896197
68,0.087,0.047030131779875375,0.004785210757711376,0.08754964148465728,1.4539668234983851,1.3318161056456352,1.6495211796194482,1.2251006695980449,0.8298388238626163,1.43355816106659,0.2194749733781064,0.004412278340708746,0.34321194670921235
69,0.088,0.09478583248138071,0.015867747620037266,0.1383485309604973,1.3331760919102156,1.2858391392788737,1.408103033658491,1.2196875744242237,0.9165292199345033,1.6019421166960424,0.28500813401594827,0.0979858230735855,0.4018386901746429
70,0.089,0.09304729052141358,0.0018998637815499382,0.19370043302625778,0.8742123770566265,0.33592273322068633,1.488389628692629,1.6077165943360878,1.37819682829855,1.9177006838814261,0.1483131299330534,0.11106827675146429,0.17036586683955796
71,0.09,0.06692772973138904,0.06692772973138904,0.06692772973138904,1.2994764722469376,1.2994764722469376,1.2994764722469376,1.1348181406669382,1.1348181406669382,1.1348181406669382,0.0818753132534663,0.0818753132534663,0.0818753132534663
72,0.091,0.09803776329850626,0.03697238979280752,0.19907329944853933,1.4643613377912135,1.3136625361736811,1.5628661632277525,1.5295468878535639,0.9869078839984624,2.15393982652178,0.20608681148669436,0.010674899709863541,0.4124405754862396
73,0.092,0.009057115013539592,0.0010475931873883976,0.017990812435015924,1.5345278337504569,1.4447004341305287,1.6150627437545306,1.4408055895940857,1.2623266490571923,1.6008211914547492,0.17541814415286827,0.17275783117360818,0.17780325234117025
74,0.093,0.04682766197332853,0.020327866362415906,0.08246531813972825,1.540660724211305,1.4246361609836047,1.626935399431903,1.38200053965404,0.9157429497925403,1.7287049013459241,0.23377505890694822,0.21205336919458384,0.2629869864511624
75,0.094,0.14646501096013984,0.10448111430595888,0.1836046118465307,1.3466061282409156,1.3040181493786627,1.3842801095421393,1.224174559254006,1.0758115754924191,1.3554187371969486,0.32150639899784067,0.22398318221324692,0.4317500353630336
76,0.095,0.06869368233705435,0.031201523267691704,0.09643788004838276,1.025889271309853,0.578345565633173,1.6306780627648267,1.7694910104024577,1.3563189671639821,2.07523832239893,0.4335573626679646,0.22143993454806035,0.5905242594766938
77,0.096,0.0882384869729236,0.029041012696916828,0.1608912516273149,0.8789229961372034,0.15440889509096883,1.4095369424405642,1.6551769766537738,0.6362853042340847,2.705724390096348,0.20930755815705127,0.054358712078011504,0.4589654788221484
78,0.097,0.07082124708718862,0.043647296789292786,0.09424707168189156,1.419890537447319,1.368680269351232,1.4727983666772715,1.3288409968778792,1.302665332833973,1.38092576717195,0.16625946507553585,0.04659824663631117,0.23983630962881286
79,0.098,0.07357195869502615,0.048734185257166406,0.12025231928615834,1.3742820376423746,0.8952475684304915,1.6275721260578169,1.5403887071132785,0.4714033961532756,2.4043985236221834,0.15326891902148537,0.035086342427219995,0.25048974668599516
80,0.099,0.06152670079052125,0.03442863086901408,0.07431292314815809,1.485190058031914,1.4118625815389991,1.5422299342526111,1.0912032634776823,0.8623102753758181,1.2258359033970683,0.1965301943348653,0.14012398154846537,0.31361708381399306
81,0.1,0.0837189353160528,0.02704142584064116,0.15542486370665598,1.3939097561897467,1.1519320368164252,1.6941500915842238,1.4885566319000163,0.7877665275087894,2.239743494045205,0.17377382180605497,0.0807584664979809,0.3089377041739457
82,0.101,0.05448193008049765,0.001383853916135657,0.09820641724699869,0.8170768734610198,0.04985465619897653,1.5941835455335962,1.3967648835883304,0.6405940614751722,2.159677955962666,0.32389760752086644,0.09084276583269141,0.5925944816593351
83,0.102,0.033051890816658464,0.007787777186379656,0.06478857325616216,1.4504787006248094,1.3682336513948101,1.549816749594301,1.3975322396738465,1.0027899811877188,1.7592526190324196,0.21672046513146973,0.018683903711079846,0.3914699968790651
84,0.103,0.06593970690418645,0.01763099753704593,0.09434873045511147,1.5212436996777383,1.4329197123967043,1.5760650526963014,1.6063022264815048,1.4041251859213286,1.8255072541787667,0.10159024369132029,0.0698728921427461,0.16578922231611734
85,0.104,0.02234482876545785,0.022344828765457854,0.022344828765457854,1.3053417640169838,1.3053417640169835,1.3053417640169835,1.2366820772976037,1.236682077297604,1.236682077297604,0.2341377418775706,0.23413774187757053,0.23413774187757053
86,0.105,0.0647047401137199,0.01394384868438671,0.12811551015465703,1.2781361655212176,0.045547276665365156,1.712854506584572,1.105469918562575,0.031909104030084616,1.5701816002275142,0.12919626177545654,0.024180574042042994,0.23992401958772025
87,0.106,0.06985501555315361,0.04596441547389411,0.11197201301938016,1.5683178263868784,1.4897256763747708,1.7216169796226604,1.0694228186885297,0.5133392874230719,1.5673894904553816,0.1083972080208639,0.027861891358007058,0.18016788210187695
88,0.107,0.013238399161169204,0.003063602551171904,0.029655401070010343,1.481114314127879,1.3391078256656608,1.6070445319890871,1.2978979551154117,1.2204162030373846,1.407872490428013,0.1972825921209214,0.19228415139597646,0.20313698807033015
89,0.108,0.04725071637282845,0.005073035797481075,0.10274599967311651,1.3865206681376816,0.8637819473069464,1.661757987371878,1.4698920848916788,1.0997515745690853,1.9758021202490066,0.16458869547974217,0.03960450478274414,0.3887026016620637
90,0.109,0.08765201947164457,0.06629562143841262,0.10925281577834499,1.1400799251457991,0.16490701096977273,1.611060562340566,1.1843282716164587,0.012943282713857869,1.8376211861752558,0.27841093680887086,0.11712796145170365,0.3860641856119994
91,0.11,0.06185856121158685,0.03652959633232285,0.0983785359817136,1.0496822570575535,0.6091963978652362,1.4533877367331776,1.0918742493058413,0.2589863115194571,1.537757455271218,0.16955467195719787,0.03265920766538898,0.338102103363582
92,0.111,0.03827560789485058,0.01979058480148929,0.061381886761552186,1.2383163117101286,0.6436800295947503,1.9816116643543518,1.9201784692173356,1.611299826838172,2.167281383120666,0.1537691505387526,0.05067648098231631,0.2362432861839016
93,0.112,0.11020649261354475,0.001018847244373518,0.19430331199416498,1.5262518169543666,1.439122413335319,1.6359687899287916,1.4331732008018105,0.5733265844111333,2.021329987223488,0.13335420123621888,0.05606891808734459,0.3560528784645317
94,0.113,0.0704308695608451,0.0006851717978075325,0.1871456839659974,1.7619745455128475,1.4840724733981674,2.237294756711562,1.1165211701205326,0.47930881560107036,1.7583984389104201,0.11677179956055139,0.051494171575326333,0.26457053683182474
95,0.114,0.11919398241307955,0.028653804150302015,0.1973070773848876,1.577589246731974,1.5135274349442596,1.6328582608233362,1.4266095132280607,1.296937075836499,1.5769116565682793,0.08576207485137599,0.07813439483948612,0.09460324941061193
96,0.115,0.06167232375721769,0.031592906014844095,0.10335272173760009,1.2184392703592037,0.47042893100305316,1.767708403425757,1.1372681248332328,0.7078310866961616,1.399228702226945,0.10550953772089015,0.030612195309330164,0.37212776464888
97,0.116,0.021024201892017032,0.0009616387805530765,0.041738391916983815,1.0345633630194184,0.15404061276385822,1.684438383612798,1.4984444371769197,1.2216562963885167,1.675203311745115,0.14232224035187752,0.016917631334188287,0.44705243480997925
98,0.117,0.04654896686664642,0.010304620722830504,0.12332957259399913,1.4425209174480693,1.2703150602389393,1.568385165346678,1.1398006072155389,0.2773619186234269,2.0128478784348354,0.1867814787293746,0.0611307285630798,0.3085897869395542
99,0.118,0.064764290958407,0.02113545122247528,0.10556719668570923,1.1901902487498892,0.4718186121102243,1.5114142006945193,1.7156090732395335,1.6365195477463195,1.7639672163081932,0.047530672272275205,0.005968628451993184,0.09175553654268515
100,0.119,0.07890710157649439,0.013544123065596471,0.13883425337697236,1.6067787848585537,1.363793994136119,1.9481678190155054,1.4886834485317806,1.2158226104458654,1.7378328278261859,0.15925349544149317,0.01068704008410369,0.3389056530474733
101,0.121,0.06695241885067922,0.015231433590845965,0.13033807141012788,1.3382962011845048,0.7537637942641324,1.6448741565295981,1.3894389103375175,1.0994070833199692,1.8409811357105388,0.15799998846439572,0.019787902956578347,0.3185414452832112
102,0.122,0.06329164685847,0.011895910378837374,0.13218425187197647,1.4196710721630075,1.3055883889996518,1.5956158683126298,1.3914789739941371,1.116358395210783,1.698018497334925,0.26246095999729885,0.1422717178839232,0.43809172265669927
103,0.123,0.0720871544274955,0.03871532083281969,0.10121574368927969,1.6569095945135743,1.3697131697745344,1.9220604528839462,1.6506946694672853,1.2820128363589591,2.1558359328483974,0.17183850151006486,0.06402547675046286,0.2765870588670713
104,0.125,0.07733353365164206,0.04177190834836104,0.14179450574758662,1.1584788176406384,0.5321634621387575,1.5030215666870579,1.1449255083077827,0.7131054312547687,1.4553739316565757,0.2862764115961336,0.20365075754049292,0.4569985246732791
105,0.126,0.08884954910112837,0.04954360181245798,0.1201120042170938,1.5786067345982908,1.4230213395116467,1.7635915978980088,1.5019988925635561,0.8466041400994618,1.9248102862700496,0.06443887995571558,0.009383322345004108,0.11061970035453976
106,0.127,0.0446118144688771,0.015890071333686945,0.08004878310182928,1.5320357823441664,1.4087144441651454,1.6079718486894836,1.0448558035389013,0.8188487802807448,1.4349736064124807,0.16185921255028615,0.11403367657089977,0.2636580367198265
107,0.128,0.06567885319812593,0.028234469320447552,0.1333368524143302,1.268562253535949,1.0194829615033911,1.4868827098257773,1.596990697570906,1.271884267156186,1.7500461257055684,0.23238931221747589,0.05447651510426371,0.5340271211123395
108,0.129,0.06800431405992521,0.03829464290553244,0.0873243864006466,1.4490960430299054,1.324686746559888,1.6115779627342683,1.1205193927009012,0.22737912388378786,1.483126786415146,0.22946387696734655,0.12321390797717535,0.30690769402196083
109,0.13,0.04860623382612797,0.018642937468591275,0.12390825413963681,1.5278133300031018,1.226420203808381,1.7564527054083063,1.400639775562,1.2357759143992966,1.5451282891687947,0.25332581255612363,0.18347519190511982,0.3138146374276575
110,0.131,0.07929178007863502,0.024762756356465274,0.10654399921781545,1.4100724092045744,1.3960780523467156,1.4242718271581651,1.3082434168493886,1.1843206233267938,1.4596396551228674,0.31388614027626294,0.28076083032780086,0.33870737862091493
111,0.132,0.10345952319712806,0.042931575883929686,0.22139064737183337,1.0324352069442773,0.398406239977897,1.4365081105940114,1.2362835152317733,0.8188314270570046,1.7684218595569394,0.14265656490991402,0.01061866747119028,0.5358797778513835
112,0.133,0.1151147500659707,0.03886670052309826,0.1776381506911261,0.6397576889008588,0.012119248144955502,1.4051704215300096,1.250574042872243,1.137041072239753,1.389028885106986,0.1023346978135841,0.034388601828309974,0.1851957904785525
113,0.134,0.10750710586859302,0.03128621817851118,0.17119644005380527,1.5543290956138394,1.1750623278166719,1.8607517035000865,1.4364630125322226,1.311407396471201,1.502748591868977,0.13602054933155305,0.024730435992875405,0.28166283978980755
114,0.135,0.08177370877220419,0.01844971190835587,0.15473396602837722,1.6017819129131257,1.512034899413164,1.6796755472715834,1.6150975131468677,1.4463738604502347,1.761536909826965,0.05165156255026539,0.04437022893129112,0.060040925198213996
115,0.136,0.05897263499163487,0.02226031421642733,0.10987810465506181,1.2333265065367882,0.3279160443724966,1.7620802074642838,1.267512823966085,0.559005823308027,1.6170303295205704,0.1266000221825154,0.00947949779434996,0.3503879477381357
116,0.137,0.055872789629848416,0.03636322022182394,0.07375656158720421,1.4251438951491504,1.3922869610009159,1.460987823310861,1.2113650624452275,1.1352009428139103,1.2944531929521192,0.14828701143716855,0.06177036433646169,0.24266880827430334
117,0.138,0.0973718426134,0.017870018912484426,0.28657439716613087,1.3103106239247795,0.6797303110309866,1.644989061934098,1.3919051728019955,0.9553226698907782,1.9297364323886528,0.18968470162890072,0.054241460122158316,0.3724271081429165
118,0.139,0.05824116739027538,0.006166957953213226,0.11536680988952262,1.4177087310015213,1.207218809904593,1.5644785542346742,1.1322373449181449,0.5581747175130443,1.5568502314518304,0.16845830747726298,0.015640497050617205,0.4021711991112767
119,0.14,0.05840992565144643,0.04925243860424192,0.07457594635758896,1.3377441802829826,1.0377032197648848,1.5625532855464837,0.9699194503555204,0.5798747652555748,1.276007312724237,0.07221664686474341,0.008715135456927155,0.12239707545649699
120,0.141,0.07387908701128157,0.0013728708961704586,0.16994331950674035,1.5199893230219692,1.1727606686572414,1.8072026923213569,1.3919670741693195,0.5183528268554776,1.9669734083514505,0.1675609702347127,0.023969216310707427,0.2699469807419642
121,0.142,0.04670768299150824,0.005905469081096047,0.10916816466052204,1.1121712805050397,1.0177625068606442,1.2779812958690604,1.8567149669770724,1.2631656627845296,2.1876295427666315,0.09978031894117581,0.017062114358048743,0.2897336206002123
122,0.143,0.03341145084504648,0.03341145084504647,0.03341145084504647,1.3780189675665844,1.3780189675665844,1.3780189675665844,1.2837935978464337,1.2837935978464337,1.2837935978464337,0.17441274824138486,0.17441274824138486,0.17441274824138486
123,0.144,0.14115983491113804,0.008253544143716308,0.26065152576953143,1.3528711526713633,1.184629625279839,1.5438995571473253,1.0694716250931695,0.1694935667978544,1.973401405144766,0.10543302867529616,0.03169755192758389,0.21453954385431057
124,0.145,0.07726007460655884,0.0029359770068234973,0.17461733690403547,1.0399514658492155,0.5067015281266427,1.3487166748888906,0.9065197704073513,0.5961373855090044,1.284461136408552,0.24275934841748528,0.1474211316199297,0.417637644003504
125,0.146,0.2185856906421483,0.21858569064214836,0.21858569064214836,1.2994611659471644,1.2994611659471644,1.2994611659471644,1.1018685403283328,1.1018685403283328,1.1018685403283328,0.4593155444391484,0.45931554443914835,0.45931554443914835
126,0.147,0.042726333897972923,0.020919033442491165,0.07124835831291802,1.3021936827867011,1.0606668500939493,1.5510548815215661,1.4094291136948693,0.6743236940472015,2.257989735563506,0.2062825384153097,0.047438810890682075,0.37781067825056913
127,0.148,0.11110222905324012,0.11110222905324012,0.11110222905324012,1.1868033398993856,1.1868033398993856,1.1868033398993856,1.4257386470689575,1.4257386470689575,1.4257386470689575,0.2359202495789907,0.2359202495789907,0.2359202495789907
128,0.149,0.09890730190067196,0.09890730190067194,0.09890730190067194,1.3099280995882874,1.3099280995882874,1.3099280995882874,1.5285551349204556,1.5285551349204558,1.5285551349204558,0.09680664293087068,0.09680664293087071,0.09680664293087071
129,0.15,0.08881741114934054,0.08881741114934054,0.08881741114934054,1.4163934127239273,1.4163934127239273,1.4163934127239273,1.2571930497294879,1.2571930497294879,1.2571930497294879,0.20602449596505715,0.2060244959650572,0.2060244959650572
130,0.151,0.052993250447134765,0.052993250447134745,0.052993250447134745,1.308409775125026,1.3084097751250257,1.3084097751250257,1.4566055315146487,1.4566055315146484,1.4566055315146484,0.2207443245218205,0.22074432452182047,0.22074432452182047
131,0.152,0.05754531551551059,0.057545315515510564,0.057545315515510564,0.5408037571415276,0.5408037571415275,0.5408037571415275,1.9264405686479664,1.926440568647967,1.926440568647967,0.16346698577742172,0.16346698577742172,0.16346698577742172
132,0.153,0.02996575350233386,0.029965753502333856,0.029965753502333856,1.486023261251379,1.486023261251379,1.486023261251379,0.8776899446450591,0.8776899446450592,0.8776899446450592,0.37010679378964495,0.37010679378964495,0.37010679378964495
133,0.154,0.07509828987854116,0.026983370746481654,0.17011699433368135,1.3440675085296387,1.1836369970320115,1.5879166003841865,1.3109423113872178,1.095344446517753,1.5084331165577693,0.1934085504849382,0.1285226737776822,0.25625319077460124
134,0.155,0.11533722424619763,0.035274676916463625,0.17254575096878932,1.2714189552418214,1.1341002009783272,1.3663968948583074,1.0207530622599028,0.48534107439375873,1.548039505259393,0.22565118365103717,0.1368566856038836,0.27900764546553675
135,0.156,0.03340106239729727,0.03340106239729725,0.03340106239729725,1.1610505431087914,1.1610505431087912,1.1610505431087912,1.8382475788312034,1.8382475788312034,1.8382475788312034,0.16727570067646225,0.1672757006764622,0.1672757006764622
136,0.157,0.006350253177822888,0.006350253177822886,0.006350253177822886,0.7449196631417466,0.7449196631417471,0.7449196631417471,1.1779949631783615,1.177994963178361,1.177994963178361,0.14902513326295638,0.1490251332629564,0.1490251332629564
137,0.158,0.09782049286417357,0.09782049286417355,0.09782049286417355,1.5168525154003794,1.51685251540038,1.51685251540038,1.6516070909339737,1.6516070909339733,1.6516070909339733,0.14692932225445296,0.146929322254453,0.146929322254453
138,0.159,0.06668104772040215,0.0625985602631425,0.07146054523134025,1.4245939366545823,1.3160023520127384,1.5173492485361575,0.8478162575290035,0.1842348085947658,1.4146254118269979,0.3805176902764257,0.34773059217352315,0.41890258561640914
139,0.16,0.0022557820232184823,0.0022557820232184823,0.0022557820232184823,1.4694671181151109,1.4694671181151113,1.4694671181151113,1.3596347470642138,1.3596347470642132,1.3596347470642132,0.2617457604792708,0.26174576047927084,0.26174576047927084
140,0.161,0.07688963100066691,0.07688963100066691,0.07688963100066691,1.4788217007601372,1.4788217007601372,1.4788217007601372,1.525124807791508,1.5251248077915076,1.5251248077915076,0.16986223301458,0.16986223301458,0.16986223301458
141,0.162,0.080563030683619,0.080563030683619,0.080563030683619,1.3340003680315518,1.3340003680315515,1.3340003680315515,1.0382988634711718,1.038298863471172,1.038298863471172,0.20704461914774774,0.20704461914774772,0.20704461914774772
142,0.164,0.10312626983808432,0.10312626983808437,0.10312626983808437,0.34705165724512566,0.34705165724512577,0.34705165724512577,0.753585749929803,0.7535857499298028,0.7535857499298028,0.20395234273594925,0.20395234273594928,0.20395234273594928
143,0.165,0.0672395147814809,0.0672395147814809,0.0672395147814809,0.7536678461823664,0.7536678461823664,0.7536678461823664,1.1711961366900168,1.1711961366900168,1.1711961366900168,0.3510775102108939,0.3510775102108939,0.3510775102108939
144,0.169,0.04971442415787806,0.037357098066731764,0.06161407150490781,1.3167237884957943,1.2764571037367056,1.3585391918994638,1.3170058516816636,1.0522183170735488,1.5719864405635513,0.31029255638383624,0.29783286090307026,0.32323147092155485
145,0.17,0.15488047201304958,0.15488047201304958,0.15488047201304958,1.0148941188464498,1.0148941188464498,1.0148941188464498,1.6073916037273863,1.6073916037273863,1.6073916037273863,0.3818942136309597,0.3818942136309597,0.3818942136309597
146,0.172,0.049066860172518004,0.02459709480477525,0.07500481146232525,1.1896997561394662,0.8832006730882499,1.4788498344896703,1.1793885640579014,0.6216732278633366,1.7055351076376795,0.3369748841153757,0.28422988601749705,0.39288458209912674
147,0.174,0.06641315340521607,0.06641315340521609,0.06641315340521609,1.3786467264671731,1.3786467264671736,1.3786467264671736,1.1405421334141335,1.1405421334141332,1.1405421334141332,0.3083264517573864,0.3083264517573863,0.3083264517573863
148,0.177,0.08159599666280531,0.051807932539724,0.11083242996879251,1.4187165991534743,1.2895633508311493,1.5454781206550166,1.0904404675364259,0.6752024921716118,1.5135131216817084,0.3285127431612384,0.3173359967515489,0.3399003715786578
149,0.189,0.03987997331599002,0.03987997331599002,0.03987997331599002,1.4458632588920572,1.445863258892057,1.445863258892057,1.0232025206816657,1.0232025206816657,1.0232025206816657,0.40908687067946947,0.40908687067946947,0.40908687067946947
150,0.19,0.10177904125019706,0.10177904125019707,0.10177904125019707,1.4175999937907544,1.4175999937907542,1.4175999937907542,0.3858229931860227,0.38582299318602276,0.38582299318602276,0.4054369006851755,0.40543690068517557,0.40543690068517557
151,0.197,0.11823489850468412,0.11823489850468412,0.11823489850468412,1.226278670392903,1.2262786703929032,1.2262786703929032,0.9256773557137326,0.9256773557137328,0.9256773557137328,0.4642084192065164,0.46420841920651634,0.46420841920651634
