,ph,error_dl,min_dl,max_dl,error_ac,min_ac,max_ac,error_dev,min_dev,max_dev,error_lstm,min_lstm,max_lstm
0,0.032,0.12254384499467912,0.12254384499467912,0.12254384499467912,1.620073118486184,1.620073118486184,1.620073118486184,1.5564434464235886,1.5564434464235886,1.5564434464235886,0.4291655244308108,0.4291655244308108,0.4291655244308108
1,0.036,0.1810268211282332,0.13211466339628575,0.20737760324628204,1.6702529401479378,1.5722139976388847,1.7330900063409875,1.8355540435147621,1.713261970557369,1.8887638678563134,0.13809063157213877,0.0033144590435426804,0.33758930603335024
2,0.037,0.08720917592661367,0.052766944784111015,0.11994470438529072,1.76469437458467,1.555830837912637,1.8793686786848038,1.8499404261876913,1.5716840027977252,1.946107738323399,0.19626030679496287,0.14033300857265732,0.2433386236912551
3,0.038,0.08085406068335944,0.024135028202661765,0.13379166717929192,1.5900554729426724,1.4944344970551253,1.6620524358268849,1.7925879891763443,1.7177743836846693,1.9249522165651571,0.18216818747989896,0.15050620497336345,0.2592599448358873
4,0.039,0.10398824796052955,0.028569458957786273,0.21126897687592477,1.4974782694333637,1.3145815057253298,1.605900223400962,1.4405726411506141,1.0641059764638219,1.5617155937083433,0.12202424012671474,0.03454653100996768,0.18238081739071424
5,0.04,0.062101585796345504,0.037569049441039476,0.16023173121756965,1.644930485720927,1.6125704915222303,1.6530204842706013,1.665922955078124,1.6163106047637041,1.8643723563358037,0.06470109722095801,0.008094474902523125,0.07885275280056674
6,0.041,0.07474034399300396,0.0018620257003038258,0.17843863449208208,1.4706519701438046,1.3011591415100403,1.6429051584897816,1.335832388781354,1.1120616423635559,1.615746370000682,0.0795446063409103,0.030640081208969442,0.17224235267535806
7,0.042,0.05174156150451447,0.01597878654013796,0.07921380334810237,1.3672377801008015,1.0905473231489544,1.500525054862926,1.4863957084969794,1.2597389070660243,1.6471183698380323,0.05648435407637154,0.01803166409948221,0.08341928731092633
8,0.043,0.10017239508595871,0.020466174875511528,0.1798786152964059,1.4846662508682762,1.158851283201833,1.8104812185347194,1.5812662722484643,1.4068060706131134,1.7557264738838156,0.05926258149033903,0.04634957035354695,0.0721755926271311
9,0.044,0.06922122109755872,0.03549870068919818,0.11018803406765935,1.5382859517405352,1.39618854937869,1.650484002255868,1.5122026658460541,1.3690351994747976,1.6868687389483472,0.0921665916853943,0.021818104150776424,0.18228315089656716
10,0.045,0.17443299177221272,0.044497901474781984,0.3732749732282089,1.3965662511615655,1.3433184536879201,1.488942334720978,1.2048721488695866,1.0708937984362283,1.4067749743425426,0.18174664780495395,0.048752396069382836,0.35862419009074914
11,0.046,0.04246425463021583,0.04246425463021583,0.04246425463021583,1.4156053225665106,1.4156053225665106,1.4156053225665106,1.506956918749865,1.506956918749865,1.506956918749865,0.03251445169521516,0.03251445169521516,0.03251445169521516
12,0.047,0.05533727954546067,0.05533727954546067,0.05533727954546067,1.4214783660469827,1.4214783660469827,1.4214783660469827,1.2834628371239971,1.2834628371239971,1.2834628371239971,0.23383469169266813,0.23383469169266813,0.23383469169266813
13,0.048,0.15059144537574112,0.11636092940042585,0.16428365176586723,1.5705714305674596,1.5296948675251667,1.6727628381731918,0.5072922273441555,0.45924151737512414,0.6274190022667341,0.21590006232034553,0.2151844197246225,0.2176891688096531
14,0.049,0.06020754255589799,0.002126135031224907,0.1487839483084175,1.4557513662246713,1.327557140356687,1.6044584406468088,1.1984023926001126,0.9714634489054533,1.7473258517418988,0.23614799852187957,0.17838781657661035,0.3068447618386134
15,0.05,0.08919930556936603,0.0715641144506991,0.09360810334903277,1.399754095992128,1.39176568280182,1.401751199289705,0.2928243994207552,0.015072807860463484,1.4038307656619222,0.29375044270354644,0.2671489237391441,0.40015651856115575
16,0.051,0.03385275814558985,0.025234792522767526,0.055397672202645645,1.2846910477922482,1.254554150203679,1.3600332917636704,1.180827684960065,1.0855513906456762,1.4190184207460366,0.2768159155940058,0.19066841731859774,0.31127491490416903
17,0.052,0.019573134702347426,0.016495134762113648,0.02880713452304876,1.457532639234775,1.3173547445527238,1.5042586041287918,1.4232918330789341,1.2192942950271974,1.491291012429513,0.3373574703967716,0.2974348366718107,0.3506650149717586
18,0.053,0.10012092856154854,0.10012092856154854,0.10012092856154854,1.4077918649081225,1.4077918649081225,1.4077918649081225,1.37186233802531,1.37186233802531,1.37186233802531,0.4114455945943951,0.4114455945943951,0.4114455945943951
19,0.054,0.07848548189070262,0.07848548189070262,0.07848548189070262,1.4312683336070164,1.4312683336070164,1.4312683336070164,1.2796484659991787,1.2796484659991787,1.2796484659991787,0.4275546892595704,0.42755468925957046,0.42755468925957046
20,0.059,0.06431551846591164,0.06431551846591163,0.06431551846591163,1.0765327691671287,1.076532769167129,1.076532769167129,1.5572798933283958,1.5572798933283958,1.5572798933283958,0.25371668387300733,0.2537166838730073,0.2537166838730073
21,0.061,0.18564580807309233,0.13659941976731343,0.22488291871771549,1.610916166074691,1.395458352549246,1.880238432981497,1.6200050430087474,1.0667249194852488,2.3116051974131206,0.16114663493890286,0.06949611287245613,0.2757097875219612
22,0.063,0.050110708613836,0.02181434847469022,0.07557743273906721,1.648615127532122,1.4435026291587516,1.833216376068155,1.6371920072034778,1.4527441780688073,1.803195053424681,0.08921062021792558,0.04771156541762466,0.13532068110714882
23,0.065,0.11722856865565008,0.10450008121537302,0.13632129981606567,1.5555714012442223,1.2808565464256794,1.9676436834720377,1.780087416567844,1.5277314754498994,2.158621328244761,0.09179703407300632,0.039264618644005135,0.17059565721650813
24,0.066,0.03945653413321058,0.00854580553540433,0.07636192219572259,1.67384217679094,1.6221814207409424,1.7616322493060508,1.5482036835186668,1.2973757399251948,1.7464930336299267,0.14847210036084807,0.08144896523674863,0.25216044771316976
25,0.067,0.055207161906232115,0.055207161906232115,0.055207161906232115,1.6813311139949307,1.6813311139949307,1.6813311139949307,1.6467576098684356,1.6467576098684356,1.6467576098684356,0.047586470315393134,0.047586470315393134,0.047586470315393134
26,0.068,0.1127545064187706,0.0858496359266383,0.13293315928786986,1.576948559831815,1.4941976208976622,1.6390117640324295,1.516815147687174,1.4157790213088337,1.59259224247093,0.06810574605282797,0.06001748912660128,0.07417193874749797
27,0.07,0.19726235837334236,0.06926186938672442,0.3345865865702498,1.4795034201229567,1.4076146506069656,1.5868693105724796,1.441298016933626,1.321699184458223,1.6959864757117038,0.13525504104204347,0.026122976218076327,0.2252110928773352
28,0.071,0.10161338646204122,0.05970903704512925,0.14142651381103258,1.481382764484729,1.3830491252459358,1.5695063992465046,1.3417319199336326,1.2335564049846461,1.4604188891842664,0.13513031496752007,0.00864692780659985,0.2503266148687571
29,0.073,0.07156834712674631,0.07156834712674631,0.07156834712674631,1.6265140611271884,1.6265140611271882,1.6265140611271882,1.5772365801198536,1.5772365801198536,1.5772365801198536,0.318070421351253,0.31807042135125296,0.31807042135125296
30,0.074,0.22090852952877196,0.22090852952877194,0.22090852952877194,1.5853206385462617,1.5853206385462617,1.5853206385462617,1.3911291666647918,1.3911291666647918,1.3911291666647918,0.09298627383026127,0.09298627383026128,0.09298627383026128
31,0.075,0.10237689567250263,0.10237689567250263,0.10237689567250263,1.467977648775101,1.467977648775101,1.467977648775101,1.5176215712537051,1.517621571253705,1.517621571253705,0.04227347727480862,0.04227347727480862,0.04227347727480862
32,0.076,0.099869384959486,0.04908416316735525,0.15409879562170264,1.5370653599842687,1.2591875092017972,1.6915957377278519,1.5487725222684616,1.170557147675621,1.7845451364129339,0.06889163949992302,0.0017941299287394304,0.1309260321075046
33,0.078,0.09379947221772852,0.024684269426409732,0.25414442006601745,1.5630384843547143,1.4233141866911487,1.8471278407685905,1.6503074412948593,0.9403676536480144,1.9103724152676342,0.06398274735402906,0.0017478993232623084,0.12981191276579807
34,0.079,0.015693012595492044,0.01569301259549204,0.01569301259549204,1.4097642942573043,1.4097642942573045,1.4097642942573045,1.1608540792888902,1.1608540792888902,1.1608540792888902,0.0437163671586245,0.04371636715862451,0.04371636715862451
35,0.08,0.09015209591235418,0.08966162898216155,0.09069705916812375,1.5284836452478248,1.4799725992734,1.5721435866248068,1.4342834603045271,1.2605175456530389,1.6273566988061807,0.13789327631205173,0.09993011136763148,0.18007457069474084
36,0.082,0.05210981295280712,0.05210981295280712,0.05210981295280712,1.4513048077750794,1.4513048077750794,1.4513048077750794,1.2071951721137766,1.2071951721137766,1.2071951721137766,0.09990802584586199,0.09990802584586199,0.09990802584586199
37,0.083,0.018671717949896298,0.005557839511937798,0.05613994205834914,1.2754647075837113,1.1167389387573552,1.7289669042304434,1.3224410366466972,1.2036923292722592,1.6617230577165207,0.4893284740856871,0.2357094265704568,0.5780951407160178
38,0.084,0.040633354534256615,0.04063335453425662,0.04063335453425662,1.3808208289699715,1.3808208289699713,1.3808208289699713,0.7838463080021335,0.7838463080021334,0.7838463080021334,0.3233265573782103,0.3233265573782103,0.3233265573782103
39,0.085,0.0250198642975475,0.0250198642975475,0.0250198642975475,1.4145879015818912,1.4145879015818912,1.4145879015818912,1.3596187004441125,1.3596187004441123,1.3596187004441123,0.1400918933142592,0.1400918933142592,0.1400918933142592
40,0.086,0.17162125516519758,0.04402815489077875,0.23116470195992636,1.605824704854775,1.4199301721022721,1.6925754868059433,1.5649001887560012,1.120014475203732,1.7725135217470604,0.36813496430240134,0.19912776758679485,0.447004989436351
41,0.087,0.1678214776859606,0.1678214776859606,0.1678214776859606,1.6135610167331709,1.6135610167331706,1.6135610167331706,1.0073826118946223,1.0073826118946225,1.0073826118946225,0.3235060506146831,0.3235060506146831,0.3235060506146831
42,0.088,0.1389219862466715,0.1323781082024686,0.14733554373207525,1.3846571092495894,1.3768675307024865,1.3946722816672932,1.4272078575498266,1.4069251860886816,1.4532855779998703,0.21056816596220662,0.20778142890765575,0.2127356281157462
43,0.09,0.08541640839608546,0.06806666212479488,0.10212717997145683,1.5465930222569495,1.3887578275094505,1.7382700407519922,1.403650865085331,1.2033795434282504,1.5963763441740422,0.3342195049218622,0.28005681770642427,0.42713549585604627
44,0.091,0.18005668456411916,0.18005668456411916,0.18005668456411916,1.513484107847573,1.513484107847573,1.513484107847573,1.5077158662021157,1.5077158662021157,1.5077158662021157,0.28224029633575765,0.28224029633575765,0.28224029633575765
45,0.092,0.1448115988645636,0.1448115988645636,0.1448115988645636,1.457044407165811,1.457044407165811,1.457044407165811,1.2951244772789858,1.295124477278986,1.295124477278986,0.31844672283656067,0.3184467228365607,0.3184467228365607
46,0.096,0.13715441507713932,0.13715441507713932,0.13715441507713932,1.604424741515395,1.6044247415153952,1.6044247415153952,2.2325361101878007,2.2325361101878003,2.2325361101878003,0.1825348693930855,0.1825348693930855,0.1825348693930855
47,0.097,0.20578818096408258,0.045619066109432414,0.33926244334295785,1.4908979744268842,1.3210658962342143,1.6324247062541093,1.4671058285366774,1.0092147896685857,1.8486816942600865,0.2140975103921199,0.059076989221593365,0.40012213579675177
48,0.098,0.10232932410023982,0.010997576461252205,0.23013768061189344,1.5342931403072835,1.0955833635559913,1.8698840988542935,1.8635200238181868,1.4846316677510099,2.097650781742124,0.13040597928756362,0.012617845694092127,0.252629624141116
49,0.099,0.054131743289477625,0.0011966625339011481,0.10604109484570749,1.7310888906954212,1.4774075286198751,1.9137360526550595,1.4454023186446043,1.384564468497753,1.562007186792824,0.10188619927599762,0.02747127167189582,0.16398823297439843
50,0.1,0.07499110988180871,0.07499110988180872,0.07499110988180872,1.5287342853418608,1.5287342853418606,1.5287342853418606,1.5826186768541395,1.58261867685414,1.58261867685414,0.05582181977609555,0.05582181977609554,0.05582181977609554
51,0.102,0.2048552733081584,0.14353999203326742,0.24981981290974506,1.1996249971195299,1.0993131309489466,1.3364139055339614,1.7430199316608515,1.529628924600253,1.8995066701719567,0.10400756464412621,0.10240665728854043,0.10619062012901591
52,0.104,0.043060737110658366,0.005039703224018084,0.07791335150674532,1.640720359047218,1.6389050405402137,1.6423844010119713,1.557247042701106,1.5342464062735086,1.5823386460766666,0.04191354662859967,0.04152780325516235,0.042267144720917214
53,0.105,0.06772404292639318,0.04746863123581938,0.09913931693374191,1.5907343668666627,1.5195407510561347,1.6719870617089048,1.2950224958992524,1.0933239085545876,1.4379609734555947,0.12078028720757063,0.00642476275619954,0.25785732195631156
54,0.108,0.13616855683480122,0.13616855683480122,0.13616855683480122,1.254343147209182,1.254343147209182,1.254343147209182,1.185313361112257,1.1853133611122568,1.1853133611122568,0.008782797381434723,0.00878279738143472,0.00878279738143472
55,0.109,0.007181135992850456,0.007181135992850455,0.007181135992850455,1.5164864964655949,1.516486496465595,1.516486496465595,1.4715007076244162,1.4715007076244162,1.4715007076244162,0.007596789213918364,0.007596789213918365,0.007596789213918365
56,0.11,0.0680227812325068,0.02898635841582165,0.11031223928391572,1.5428735261105382,1.5040700649729057,1.5786921056221987,1.52039931819276,1.4882562201496434,1.5552210077394697,0.08178046420233887,0.06328468886280687,0.09885348759267609
57,0.111,0.1273909975427079,0.12739099754270788,0.12739099754270788,1.4453975433514428,1.4453975433514425,1.4453975433514425,1.3406199378478754,1.3406199378478751,1.3406199378478751,0.43531697751644904,0.435316977516449,0.435316977516449
58,0.113,0.1788972377697715,0.12215130397955311,0.21772340299465776,1.702653617236554,1.638151704235173,1.7969256439308803,1.4310259807349375,1.2466498990427957,1.5571780366295611,0.10257464874724354,0.07144388063352942,0.12387464798294268
59,0.114,0.19297100945792037,0.18047114112921137,0.20213757956564032,1.2746361452428945,1.1892183984874225,1.391114890818538,1.4244273486714003,1.177944601239856,1.6051813634545329,0.12245440908840874,0.1191557832349794,0.1248734013809236
60,0.115,0.09117346571904575,0.03634506775677182,0.18241275192516707,1.0123311206239145,0.30746611615756336,1.5318404226865059,1.0817423910523758,0.6779371043645493,1.5938387253284314,0.17344020892721917,0.11509473148486611,0.26969070501127196
61,0.117,0.10498543841945022,0.10498543841945022,0.10498543841945022,1.501770067626812,1.501770067626812,1.501770067626812,1.3502628301592774,1.3502628301592776,1.3502628301592776,0.07368135964578273,0.07368135964578275,0.07368135964578275
62,0.118,0.07783523311117936,0.02755903625232708,0.10526670007429709,1.3415752914704846,1.110934393188379,1.7548035777441282,1.3230914635070448,0.5019161207190874,1.9060307216240293,0.1307417921626379,0.10123960340973483,0.1574396341171132
63,0.12,0.07176035995953277,0.038187166631673965,0.15693158947034075,1.4092502826399589,0.98644649071906,1.540827251870347,1.353672938790994,0.8189433811322577,1.4812163634656097,1.5287822652672594,0.15698121741275703,2.4453903414300364
64,0.121,0.1450412273616911,0.008158513251675744,0.22169554726329962,0.7876399777451883,0.47897205117862773,1.3388327037569039,1.5987815651797181,1.406400907496608,1.7065147334822592,0.232430382630193,0.16827370283023965,0.26835812331816683
65,0.122,0.1653420137182794,0.025280087661415273,0.345401495624128,1.4311546149054655,1.197320513583551,1.7150257393454267,1.6344333620404763,0.9763783002986169,1.9598213581609714,0.15519375805561414,0.08753179701043481,0.2727182966404404
66,0.123,0.21592817313549845,0.11356215112577794,0.27519271219375774,1.1925377689854055,1.096875764711057,1.3577721400047345,1.4169110793152957,1.364832977778448,1.4470615591524185,0.28852995896125655,0.22538821522782335,0.3250857053332442
67,0.124,0.13341918871955297,0.1183121239868972,0.1553931010579614,1.5668781036709885,1.492785821605553,1.6178165475909752,1.6150914359667372,1.5658271544334335,1.6489606295208836,0.1829617512378997,0.13805588815590494,0.24827937026625574
68,0.125,0.10172554194272763,0.0034269673822007476,0.23492959141445238,1.2163941184853984,1.0612181907879692,1.4113790643415993,1.700627019478648,1.3006362095075297,2.249701336515852,0.5185713460673653,0.1425418404194467,0.8909472928316455
69,0.128,0.07150260675217088,0.016814283142654374,0.1140379695595726,1.8700967473156107,1.4978504208192736,2.159621667923873,1.7907362131893834,1.265287291043711,2.199418708191573,0.30484209894615694,0.25740210724596146,0.3658363739892654
70,0.129,0.0543304878615772,0.05433048786157719,0.05433048786157719,1.4110710787148872,1.4110710787148877,1.4110710787148877,1.2246868539008953,1.2246868539008953,1.2246868539008953,0.3956462069159724,0.3956462069159723,0.3956462069159723
71,0.13,0.14435248818954174,0.12280839946228987,0.1730779398258775,1.165382967811858,1.1058887579836518,1.2100036251830129,0.8593537991119996,0.20196889534658588,1.35239247693606,0.2420130779909364,0.22289635582379522,0.25635061961629235
72,0.131,0.07567213053929626,0.06478784929242173,0.09433089839108118,1.535410362263424,1.2674635279566893,1.6917126822756867,1.0928443176010418,0.9712004436621916,1.1638032440653716,0.12824497887956132,0.04832080820696013,0.26525784288973475
73,0.132,0.08872071361057593,0.06737798692022913,0.10781683749141253,1.2249106462050423,0.804917229675258,1.6943150529148008,1.1847591609200279,0.9565839989364554,1.4397784596075498,0.11024012569318226,0.06701862280057792,0.1489119967023546
74,0.133,0.0950226307022034,0.044856165890835305,0.19604470114366893,1.4785682445713078,1.0742921764551194,1.7686726049622372,1.4859590282564779,1.3205265531279515,1.5766332980492965,0.14354152684368132,0.025105283906792997,0.2645410100074661
75,0.134,0.07210909693689965,0.056364505601780676,0.08348019067893,1.248640385852545,1.200855381464952,1.283151777910251,1.5104883536174885,1.3322475852795121,1.6392177974171382,0.1423855616122529,0.031361973360684435,0.2961105299605786
76,0.135,0.2051682777351366,0.13444840431956623,0.28374591486354817,1.032048031851595,0.6248797274547142,1.3984995058087883,1.0096372553192514,0.6703481528980949,1.3866251468983144,0.07470817039741029,0.0553113496929196,0.09626019340239997
77,0.136,0.15178645507629093,0.15178645507629093,0.15178645507629093,1.8277315435166126,1.8277315435166126,1.8277315435166126,1.688657840230422,1.688657840230422,1.688657840230422,0.050782745161275546,0.050782745161275546,0.050782745161275546
78,0.138,0.040932882334709424,0.024498596375971435,0.056545453995510496,0.7251939305259746,0.5627662623961671,0.896170423294193,1.2567724730328216,1.1019240805372053,1.4197707809229438,0.046181954749638855,0.04315434398160709,0.049058184979269025
79,0.139,0.09959957716600758,0.07120168689275752,0.12562381289495056,1.3030620369276766,1.119111347693992,1.4257882994141802,1.2134333672086084,1.1134779067341154,1.3012402055882868,0.035842130328792396,0.0023748129734731307,0.058753568689771364
80,0.14,0.0816845076529633,0.06647688544428523,0.11038552159685655,1.3269475716418464,0.9392772130760175,1.6096150323816223,1.4463000093865388,1.1201026318854785,1.810112825351066,0.14349057367438986,0.003462280555643635,0.4207151848070894
81,0.141,0.1990072755519503,0.10949911506205531,0.2576505531142953,1.094300349665575,1.0172664716625246,1.2118783739860206,1.7078975446943687,0.6823310071998363,2.3798204485700967,0.2643706855670964,0.08099740768321011,0.3845117986634357
82,0.142,0.11425257865145731,0.0010960331704371444,0.2274091241324775,1.606155336457822,1.371811478870414,1.84049919404523,1.4719533963294398,1.3099020658704124,1.6340047267884672,0.04697655290336321,0.02177160214611697,0.07218150366060945
83,0.143,0.02588863951449214,0.0026778356478263524,0.04942812643384883,1.8310926919818855,1.791653023915058,1.8582449830619785,1.7055921663285523,1.5684079318557447,1.826053932473027,0.15191071250730082,0.08414244291171671,0.1963971062668232
84,0.146,0.23293070309720676,0.20997264739083862,0.2604803699448484,0.41837621429760896,0.35197582637694425,0.4980566798024068,1.1145843232054489,0.1304931894985027,1.934660267961238,0.44735590106675277,0.22895448319537504,0.6293570826262342
85,0.147,0.10220723208022915,0.011510073695675855,0.20391167607059216,1.3929743213530288,1.284398889197146,1.504552469648131,1.4915006000174635,1.0988561500754392,2.1023810911451197,0.23284622675173386,0.06333884016586158,0.2951308283123527
86,0.148,0.02593488697545462,0.004107509086861995,0.04776226486404724,1.7337505747302908,1.7009004606491027,1.7666006888114782,1.7770073908881145,1.7257528564267837,1.828261925349445,0.1693971694030327,0.02216601420197841,0.31662832460408696
87,0.149,0.10182517496823666,0.027842343545830647,0.15563087054816835,1.5412811222397826,1.4616915463309652,1.5991644501734676,1.4968874568947812,1.4528372692022835,1.5574564649719658,0.32187835982352336,0.26073262136868325,0.36634798779067973
88,0.15,0.13723412899649998,0.13723412899649995,0.13723412899649995,1.583503929522301,1.5835039295223008,1.5835039295223008,1.2903824608611392,1.2903824608611394,1.2903824608611394,0.27819851125898754,0.2781985112589874,0.2781985112589874
89,0.152,0.009968253872005044,0.009968253872005046,0.009968253872005046,1.8960483063381222,1.896048306338122,1.896048306338122,1.6538637401029992,1.6538637401029992,1.6538637401029992,0.02616044730311911,0.02616044730311911,0.02616044730311911
90,0.153,0.04855638074407009,0.0005470463565163049,0.11299311658611975,0.4175185286793463,0.13097247740232917,0.5406326655580951,0.7510907838575779,0.15221458153795056,1.3536399096867022,0.3958962315846087,0.12830630017393077,0.579524860667909
91,0.154,0.09166091336222729,0.027888552775677037,0.18316038724727768,1.237917702385572,1.1812185347124033,1.2774353040971744,1.5078738578228001,1.486697209828231,1.5382577440758773,0.39480937248553255,0.19566272850372715,0.5336085485940635
92,0.156,0.05909938392668135,0.05384522996724916,0.06393320556935896,1.2817425508222664,0.9467689213517687,1.645844321985851,1.5093115795419425,1.5077421504525141,1.5107554543042168,0.17383632741100255,0.16825372546071543,0.1799043730091408
93,0.159,0.248333087666128,0.24833308766612797,0.24833308766612797,1.2264094814258586,1.2264094814258588,1.2264094814258588,1.1023341467699377,1.1023341467699377,1.1023341467699377,0.06316129761024884,0.06316129761024883,0.06316129761024883
94,0.161,0.006819221828811597,0.006819221828811598,0.006819221828811598,0.9245901236365897,0.9245901236365894,0.9245901236365894,1.1271147651374487,1.1271147651374487,1.1271147651374487,0.08812273891680264,0.08812273891680263,0.08812273891680263
95,0.162,0.08965970098408645,0.03504628644032212,0.2005420207866189,1.0129310375720126,0.43288924069376117,1.620613684887811,1.4676363191163202,1.1901001542392686,1.8207150872272457,0.07936004527208426,0.049838357540604186,0.13029154122631273
96,0.163,0.26254263846161624,0.12034831503637225,0.3691883810305493,0.9847978658528808,0.8175281820446103,1.2078241109305745,0.9545949145830571,0.8277536037476761,1.1237166623635655,0.23751341335714904,0.1738470532510702,0.3224018934985876
97,0.164,0.038910870470139115,0.01874062784350228,0.07818634957002601,1.6903313916233258,1.1025139528525072,2.1211461991177534,1.6645705288492179,1.226269136527208,1.954261330288446,0.14556059823446663,0.006183902811005566,0.33756231080317384
98,0.166,0.15961949064456982,0.031424238595722416,0.39293652852472,1.4707502423265815,1.2575867954529893,1.7275695800153275,1.318717786705667,0.933661025738825,1.7431007952162125,0.1498638905474375,0.007606795212851502,0.28864951005397443
99,0.167,0.193117126227137,0.19311712622713695,0.19311712622713695,1.6842563926900327,1.6842563926900331,1.6842563926900331,0.8412082544671216,0.8412082544671212,0.8412082544671212,0.36414968271919673,0.3641496827191969,0.3641496827191969
100,0.168,0.10245365457187686,0.08652657490873467,0.11212366722449882,1.43418628173524,1.3771814233293118,1.4687963743388393,1.182048740088035,1.1708827826185277,1.2004397288613415,0.39687650192048857,0.2289395493785223,0.49883822310668224
101,0.169,0.08536488806169228,0.014547697891144663,0.12058826745036046,1.156351325636166,1.0502461234415417,1.2605418934157016,1.287642321543798,0.7695367370151921,1.9959451288149908,0.08958352768143839,0.07035213801965824,0.11076063907644726
102,0.171,0.11509104625052055,0.0033239555589336953,0.24586377952792665,1.1692066995221435,0.8546425760053936,1.5509667684608675,1.2386193851709193,1.0138814375463159,1.4840150601623665,0.10953875610735112,0.010044650303108608,0.2713564411482421
103,0.172,0.08488001695042446,0.025460000278315943,0.1457240803535612,0.6370899719787688,0.0795494336731251,1.1351853939952496,1.6193729822402823,1.1620433422000949,1.939300947599893,0.15736831805403872,0.03740778388992692,0.25351769915862443
104,0.174,0.05190710274801349,0.022082525081663248,0.12330860890306967,0.9436416933360621,0.22511321371783208,1.660134737490778,1.205097706234596,0.8879122904407962,1.372484197384738,0.6117419987230501,0.08304432645188502,1.173470898214253
105,0.176,0.030271917748597863,0.030271917748597867,0.030271917748597867,0.6182780804163964,0.6182780804163965,0.6182780804163965,2.233215302434473,2.233215302434473,2.233215302434473,0.15300987382281683,0.15300987382281686,0.15300987382281686
106,0.177,0.21129868674407598,0.1599773777577917,0.2478617437335775,1.3443755352251987,1.0865612914700427,1.661446140625573,1.6656393256711874,1.0900376844790578,2.1202102339775943,0.09838911756934819,0.04834656923765735,0.1696987487402218
107,0.178,0.2163214383344194,0.2163214383344194,0.2163214383344194,0.8402405262311458,0.8402405262311458,0.8402405262311458,1.1178301504742603,1.1178301504742603,1.1178301504742603,0.025116358725864724,0.025116358725864724,0.025116358725864724
108,0.18,0.2445513863033729,0.24455138630337292,0.24455138630337292,1.5346031152431994,1.5346031152431994,1.5346031152431994,1.2375715681684814,1.2375715681684818,1.2375715681684818,0.040397474533982715,0.04039747453398273,0.04039747453398273
109,0.181,0.054324602233979793,0.01883145657949059,0.12383133484702272,0.836458248210326,0.03159143859934125,1.5388145969973723,0.9995157785809882,0.37534576822735377,1.5567685486044605,0.31441698383826516,0.027187302171853844,0.7477182493701631
110,0.182,0.0402079407367518,0.02772363713095303,0.04734182851149396,0.5413754297382382,0.05609674641390217,1.3906131255558254,0.8797282093613504,0.5435592725226852,1.468023848829015,0.18824106839028787,0.07053583631421179,0.39422522452342107
111,0.183,0.052779724513259935,0.052779724513259935,0.052779724513259935,1.7155131893116475,1.7155131893116475,1.7155131893116475,1.852951866518078,1.852951866518078,1.852951866518078,0.1143837866939999,0.1143837866939999,0.1143837866939999
112,0.185,0.07590635859210207,0.07590635859210208,0.07590635859210208,1.4270032754600095,1.4270032754600095,1.4270032754600095,1.130873586066749,1.1308735860667491,1.1308735860667491,0.22441564453114682,0.22441564453114674,0.22441564453114674
113,0.186,0.07136795861829208,0.0014879552987459325,0.16720937305879222,0.9774623022381174,0.7169108767080948,1.2609750403155302,1.1078781402000755,0.6719106087140929,1.532219866010946,0.18516346796049254,0.005371985088312936,0.4461533384219513
114,0.188,0.0878916697905656,0.009710631386874679,0.17724142796621242,0.923143038227526,0.8507322776098495,0.9865024537679931,1.7177618473189904,1.0051018747042544,2.341339323356884,0.3471655982827286,0.3064679693596735,0.3827760235904018
115,0.189,0.10749051096607606,0.01801869490230468,0.22623093370818237,0.47477865940191805,0.06127691156020608,1.4754449020418183,1.2180155406886184,0.4439815814208867,1.9620279753895657,0.25102217782522707,0.02682494686456848,0.475465154253581
116,0.19,0.0728746853509366,0.024842352421971442,0.12691105989602236,1.1464659789835385,0.9598027825760652,1.312388820234626,1.1431952745282232,0.934189222994615,1.328978431446986,0.13201275579724703,0.04743152188091755,0.22716664395311761
117,0.192,0.06182764612667264,0.03155054427972983,0.08016752787203107,1.3796293894733764,1.207154041304964,1.5520640512192025,1.4030125235815851,1.0386837198864196,1.5433132332353012,0.18864405917161323,0.09932203029834885,0.27834493187797854
118,0.195,0.31445473836807347,0.31445473836807347,0.31445473836807347,0.8820201269622289,0.8820201269622289,0.8820201269622289,1.2037032905243317,1.2037032905243317,1.2037032905243317,0.46776526886338177,0.46776526886338177,0.46776526886338177
119,0.196,0.0695828107454725,0.03634295927761254,0.09643038308489787,1.175681855420284,0.9523533613003519,1.4521838005211514,1.3081777451008147,1.151001197514912,1.5027772802071702,0.1820458488129005,0.07761171461823764,0.3113452530539118
120,0.197,0.14573033728686388,0.05128371808360599,0.2151092232619935,1.207373870083671,0.5522342636415505,1.691685218959517,0.7867266160669146,0.07018155493519816,2.001842202380583,0.12311071898084787,0.04938883558097044,0.2219884036087908
121,0.2,0.15270232313063298,0.13761395394593445,0.17141190091965905,1.276371868119492,0.738500458960815,1.710139133570038,1.1563430971256832,1.0990203188516643,1.2025711441208595,0.1621283191663284,0.15597491179066045,0.16975854431215665
122,0.201,0.13959606443107897,0.07192270585824788,0.2277765013593134,1.314437027091032,1.2238178154484383,1.432516605898048,1.2603619816503013,0.9265645924985205,1.69531009478747,0.5271742715823747,0.4110640089591454,0.6162821475490392
123,0.202,0.17302190752573343,0.10952900830036881,0.23416321789089944,1.6887979110306954,1.577324137925831,1.8045591369472846,1.2620136782167433,1.1418061435761446,1.3868445795742879,0.07574711742781798,0.02372679684838237,0.12976821956800114
124,0.203,0.31525303551589917,0.31525303551589906,0.31525303551589906,1.0439040535514297,1.0439040535514297,1.0439040535514297,1.2369538662638957,1.2369538662638957,1.2369538662638957,0.06043213281751175,0.060432132817511766,0.060432132817511766
125,0.204,0.17169179985264618,0.17169179985264615,0.17169179985264615,0.7859981282441536,0.7859981282441538,0.7859981282441538,1.8875949526485722,1.887594952648573,1.887594952648573,0.06561341921113609,0.06561341921113607,0.06561341921113607
126,0.205,0.07672225904591795,0.031798600370638835,0.10177117226938713,1.33921886069196,1.0130074228163317,1.6914798988593351,1.3709484856957448,1.265414500414808,1.5887110606471324,0.1244661523236828,0.02235972398073877,0.37207344126898884
127,0.206,0.06097496565427035,0.046780143630195704,0.08762529090393349,0.9236119916906411,0.6232322355146912,1.4797998328757953,0.7141338157907329,0.2862381336994105,1.3784509261699798,0.41380748961616226,0.0780579876530071,0.6027711901113892
128,0.207,0.021049775485967304,0.021049775485967304,0.021049775485967304,1.5812498167183482,1.5812498167183482,1.5812498167183482,1.7799319159233515,1.7799319159233518,1.7799319159233518,0.13640102891118866,0.1364010289111887,0.1364010289111887
129,0.208,0.09630275255820889,0.046624418857918896,0.12975958954003686,0.664858961309098,0.15773087960308377,1.4178673250543918,1.1653526485449774,0.8492947767446919,1.6346507006120683,0.6171949161721065,0.16990449274506483,0.9184313237862366
130,0.211,0.07013848760755217,0.07013848760755217,0.07013848760755217,1.199383095901809,1.1993830959018092,1.1993830959018092,1.3180964470053944,1.3180964470053942,1.3180964470053942,0.061807395703206,0.06180739570320602,0.06180739570320602
131,0.212,0.11007205646772948,0.0005628821495879608,0.27432566044298046,1.0686337253232574,0.5993342569575427,1.9545828427636969,1.4881249484006567,1.2787199815848247,1.9402693840068153,0.11302426625414765,0.048723735026962936,0.14506625262938788
132,0.214,0.1323975407216476,0.04002173456387086,0.21826770739778928,0.5789183325478926,0.13928318845499113,0.8566601810922195,0.9369509530632102,0.8118566126948034,1.1877656104936467,0.05011665988116607,0.03146011111802519,0.06124294604641335
133,0.215,0.10647938536966854,0.04750613869362442,0.17257529271840769,1.5751848818180996,1.3670463983488828,1.825380641563426,1.7589885131745417,1.4746719651034712,2.243036685600604,0.21261146014954763,0.17523013179379301,0.2530695639854544
134,0.216,0.02876369208125099,0.028763692081250996,0.028763692081250996,1.6234903460654593,1.6234903460654593,1.6234903460654593,1.5403938632769172,1.5403938632769172,1.5403938632769172,0.15670900944981347,0.15670900944981347,0.15670900944981347
135,0.217,0.19178118917924597,0.13448950864026246,0.2225953736833885,0.7929709770211559,0.7796860228528147,0.8089407103593784,1.2194790259164203,1.0472625371434547,1.448012303464945,0.4028685404692059,0.11594699803952818,0.632471802272663
136,0.221,0.08345719309982458,0.050656594660205695,0.11698669372699061,0.7528044386286188,0.1759039516347018,1.3171636106878852,1.5719652648220939,1.1347749110746963,2.018870959763878,0.4779465243699642,0.2389458999980962,0.7117514829946179
137,0.223,0.0654210329210832,0.0280594149832878,0.08219563689315462,0.888431457521549,0.6052559404956612,1.5191405636246629,0.7900342998705439,0.38687930065322795,1.6879704344909294,0.6578191722135528,0.4086762787046069,0.7696792468502226
138,0.224,0.2552604447669108,0.2552604447669107,0.2552604447669107,1.3258585963249478,1.3258585963249474,1.3258585963249474,1.171750744373725,1.1717507443737252,1.1717507443737252,0.26358460997090133,0.2635846099709014,0.2635846099709014
139,0.225,0.11269965642393573,0.08000538859897187,0.15404669404890192,0.3635987187293491,0.24933631539357876,0.6062352276492058,0.91312113226954,0.0144240239094289,1.6332052715624483,0.496318687125441,0.0907312177287209,0.9861830968711502
140,0.226,0.17368772485803546,0.06137176799655776,0.22494140901702916,1.1097537225463547,0.3673152055394575,1.631393591758881,1.2602236865871055,1.0134184886237156,1.683589960192243,0.2772201127160306,0.13178507888303975,0.4450613359474485
141,0.227,0.09578328522299943,0.061651363484759365,0.1255711441945544,0.7074535970628368,0.4372347016166009,0.9432809967250065,1.9687736477089939,0.8983566126739491,2.9029557873759426,0.9694780306222126,0.8215697851855931,1.0985615902759895
142,0.228,0.09843180699188087,0.0806616948215613,0.1179789303792324,1.3819580372587232,0.7743255101965052,1.9343512436789212,1.346907682931637,1.2828731999694238,1.4051208492609206,0.07819330772907111,0.05484189076811384,0.10387986638612413
143,0.229,0.1762691841682405,0.12188942900707321,0.20768859826135944,0.7083550704676311,0.3310190035425421,1.3614367247610537,1.5513269148935156,1.0290884326651804,1.8530647046254438,0.3774190780770166,0.17978147405924405,0.4916096937317297
144,0.23,0.05093865013372054,0.05093865013372054,0.05093865013372054,0.7886469176619669,0.7886469176619669,0.7886469176619669,1.4615728468546065,1.4615728468546065,1.4615728468546065,0.2005031690747202,0.20050316907472024,0.20050316907472024
145,0.233,0.16771826512427468,0.016985243063715887,0.28324768726027955,0.93208275204313,0.30503128254920103,1.439466824502144,1.427082383006223,0.14135930416902132,2.3550224525290466,0.19669301283958843,0.10511434358690894,0.23930725285512403
146,0.234,0.18060797451123647,0.13654362961994637,0.2260493301803794,1.3875578164163813,0.7314602820903807,2.0237736072779575,1.0318345457257823,0.660032513927562,1.392369849287693,0.01559556980473166,0.00835627149340414,0.023061096188288156
147,0.235,0.2208326039627019,0.22083260396270193,0.22083260396270193,0.34322323793832205,0.34322323793832216,0.34322323793832216,1.9860428524415226,1.9860428524415215,1.9860428524415215,0.41217959245993724,0.4121795924599372,0.4121795924599372
148,0.236,0.22902791777599846,0.22902791777599846,0.22902791777599846,0.39526534412568753,0.3952653441256875,0.3952653441256875,0.9868052719847863,0.9868052719847863,0.9868052719847863,0.023035217828166317,0.023035217828166317,0.023035217828166317
149,0.239,0.08964767946281577,0.050737808109402927,0.12057603874373364,1.1899335563704616,0.576435332390087,1.9617539026683524,1.8191768101665289,1.361203381947778,2.183206971058357,0.16271549805574811,0.03538738233969836,0.2639250259326083
150,0.24,0.11398500181946694,0.08188849311892432,0.1594220384385151,1.4708741226707367,1.3452097975452515,1.5811132369969056,1.364478368197026,0.7468626224210128,1.800574478989782,0.1452592142315721,0.007760768020501894,0.32327536887716923
151,0.241,0.136200101466416,0.03272326807859262,0.27296193163578153,0.433377979792817,0.09611597324275348,0.7226072635059865,1.0040585383184761,0.5003720513607613,1.489837265951455,0.415341952490952,0.36913243670660295,0.48999659200820006
152,0.242,0.10582425696543092,0.10582425696543094,0.10582425696543094,0.6333037600854549,0.633303760085455,0.633303760085455,1.0825110055722378,1.082511005572238,1.082511005572238,0.279619566787279,0.27961956678727906,0.27961956678727906
153,0.243,0.017712693481520478,0.017712693481520474,0.017712693481520474,1.5575231971798467,1.5575231971798464,1.5575231971798464,1.6208779366142299,1.62087793661423,1.62087793661423,0.03263497322528793,0.032634973225287925,0.032634973225287925
154,0.244,0.19576182124029592,0.16465804419442387,0.22778041525810544,1.0048049942696005,0.48525814155342956,1.5095076511938803,0.6532897522392339,0.36210863903431395,0.9530350158325345,0.09501367961159618,0.09500707484341987,0.09502009567211028
155,0.245,0.0500610915611968,0.02227747110025581,0.07284233208870503,0.9206561571641022,0.4110325636911689,1.3355528266466803,1.7594427482819799,1.291863199737041,2.0260849407930723,0.32254209708464765,0.015294833055704527,0.6051016095948942
156,0.246,0.02452227252761334,0.01274512307571361,0.033355134616538135,1.2140720249749237,1.1470210477887064,1.2643602578645865,1.4322492175850794,1.238846905151199,1.57730095191049,0.19034890393128867,0.08775238593661727,0.32714426125751705
157,0.247,0.149636073230632,0.14963607323063197,0.14963607323063197,1.9977905559837112,1.997790555983711,1.997790555983711,1.3891578508954385,1.3891578508954385,1.3891578508954385,0.38524411363005173,0.3852441136300517,0.3852441136300517
158,0.248,0.09216147582099543,0.008257498829432696,0.18558398445219695,1.309879900401272,0.6123406889094424,2.1707881426841507,1.4227343952382752,1.249490014014785,1.6771884105627481,0.14352818616283516,0.058428528471322086,0.33814452510662407
159,0.249,0.07515249673386368,0.07515249673386369,0.07515249673386369,0.9193404478231272,0.9193404478231272,0.9193404478231272,1.0058091698456169,1.0058091698456166,1.0058091698456166,0.12817743036434964,0.12817743036434964,0.12817743036434964
160,0.25,0.00041203198013961177,0.0004120319801396117,0.0004120319801396117,0.18782940878834953,0.18782940878834953,0.18782940878834953,0.9227172654432623,0.9227172654432625,0.9227172654432625,0.006319227107934793,0.006319227107934795,0.006319227107934795
161,0.251,0.10963615714921972,0.1096361571492197,0.1096361571492197,1.1155445836780125,1.1155445836780125,1.1155445836780125,0.9382147497149671,0.9382147497149672,0.9382147497149672,0.4833749746568788,0.48337497465687873,0.48337497465687873
162,0.253,0.30851102769706895,0.19169029483799702,0.4019676139843267,0.7651258222208742,0.7474028324033114,0.7793042140749245,0.4624591737185051,0.03446132702140957,0.9974564820898746,0.1815867438770993,0.045089381022724175,0.3522084474450683
163,0.254,0.09240938500613288,0.020953768013057664,0.16028890843374569,1.363986714655239,1.224779873963795,1.4299124758703101,1.0589395868252809,0.9768878460455855,1.1112641706490511,0.15018538482576357,0.030244427023382973,0.21879239899583938
164,0.255,0.028083323161306243,0.028083323161306243,0.028083323161306243,1.6763370970429203,1.6763370970429212,1.6763370970429212,1.6903519981213055,1.6903519981213047,1.6903519981213047,0.2989602766986546,0.29896027669865466,0.29896027669865466
165,0.256,0.036598320230298576,0.03659832023029857,0.03659832023029857,1.0173038023631764,1.0173038023631766,1.0173038023631766,1.7289128073242326,1.7289128073242326,1.7289128073242326,0.2208579102538812,0.22085791025388116,0.22085791025388116
166,0.257,0.15474236225570911,0.15474236225570911,0.15474236225570911,1.663492506527915,1.663492506527915,1.663492506527915,1.7584236918226979,1.7584236918226979,1.7584236918226979,0.3383259988961115,0.3383259988961115,0.3383259988961115
167,0.258,0.1172061763107883,0.11720617631078827,0.11720617631078827,0.1593977676372359,0.1593977676372359,0.1593977676372359,1.039995985126173,1.0399959851261729,1.0399959851261729,0.5742024673073738,0.574202467307374,0.574202467307374
168,0.259,0.07886939521547644,0.07886939521547644,0.07886939521547644,1.1023647893216588,1.1023647893216588,1.1023647893216588,1.5839516755907994,1.5839516755907999,1.5839516755907999,0.3505747742037025,0.35057477420370253,0.35057477420370253
169,0.26,0.13251504381114496,0.10879654313430355,0.153409913455029,1.3593438331901255,0.8916237786420632,1.8902693005149533,1.1713956211011676,0.6469948315534106,1.7666613822094321,0.21320516412620202,0.12187612337397903,0.29366170002696973
170,0.261,0.13765603503107574,0.08711596712275625,0.1836015513113662,1.116983447800185,1.068216788774734,1.1613167741869588,1.1045115382269886,0.873177874340354,1.3148148690330201,0.2883380741637021,0.15495389028394385,0.43506067643143603
171,0.262,0.04466259754382009,0.044662597543820085,0.044662597543820085,0.7587542658095571,0.7587542658095571,0.7587542658095571,1.1994411978847506,1.1994411978847506,1.1994411978847506,0.3883162674665554,0.3883162674665554,0.3883162674665554
172,0.263,0.10850508746700387,0.0596443038739889,0.171147117714459,0.43525208623575135,0.3556502963468404,0.5373056630164066,1.2209769200436997,0.920108829666469,1.45565403053794,0.2518220891993648,0.07366017685731345,0.3907883808261649
173,0.265,0.04745179427757589,0.0474517942775759,0.0474517942775759,0.7645012508708295,0.7645012508708297,0.7645012508708297,0.591356463907883,0.5913564639078831,0.5913564639078831,0.12371182596372061,0.1237118259637206,0.1237118259637206
174,0.267,0.16725268063062512,0.14126089877912287,0.19535190425387083,1.6648797926022216,1.543150206960297,1.7964793446475462,1.6020133751311278,1.2783458678845498,1.9014058193342125,0.05252931152547327,0.029540903689558598,0.07379358877369434
175,0.268,0.13356551706431405,0.04684036625023936,0.2403610943855512,0.6021032064490613,0.3546234057007424,0.9623357231128933,1.3096042473541623,0.6677435970233917,1.7590481771700646,0.18021689477130048,0.15104137202884002,0.21086035515130871
176,0.269,0.04919271750857525,0.032440854868651545,0.06956660450307704,0.8487636724957637,0.3175055603853912,1.4948884034408119,1.3306390172160545,1.2450195250947105,1.401037266293604,0.14663932721009554,0.03854150636366907,0.2781096498611547
177,0.27,0.13957890871777914,0.13957890871777912,0.13957890871777912,0.6741761269094999,0.6741761269094999,0.6741761269094999,1.0005832226196487,1.000583222619649,1.000583222619649,0.2401725023703395,0.24017250237033946,0.24017250237033946
178,0.271,0.1426762044721436,0.058186752247168676,0.18654572774280373,1.0208353938887773,0.8284754252465012,1.3913064446072347,1.3503647905214335,1.2106467102055105,1.4229107168393174,0.5127378382770329,0.47470614993639176,0.5324850610692888
179,0.272,0.14615261778457841,0.14615261778457841,0.14615261778457841,0.29345715967126956,0.29345715967126956,0.29345715967126956,0.8753566966377371,0.8753566966377371,0.8753566966377371,0.15520919694997445,0.15520919694997445,0.15520919694997445
180,0.273,0.19222271910479616,0.015844591958732154,0.37651615649058967,0.9622815692617102,0.7840664082669996,1.2309190789709534,1.1791129546161503,0.9573583031794156,1.2977896357063048,0.12551091223145186,0.09155087276304133,0.18567537517530122
181,0.274,0.1471409651361283,0.11987946444036954,0.16610548735926478,0.7702392633853498,0.09492653759418183,1.741001306710154,0.8585956013295185,0.5446460896969255,1.0769952615956702,0.25719930909815475,0.22788167749122432,0.27759418325949753
182,0.276,0.05284200079173753,0.037376433875652475,0.07778125168144938,0.998899710521607,0.5438429124027033,1.500437523968595,1.3340966216395294,1.1472033968682895,1.6436644199213817,0.15086842067689366,0.014372336425270698,0.28938364165712643
183,0.277,0.0706023370077414,0.0706023370077414,0.0706023370077414,0.7583266658708189,0.7583266658708189,0.7583266658708189,1.4720070569887416,1.4720070569887416,1.4720070569887416,0.06468190718946285,0.06468190718946285,0.06468190718946285
184,0.278,0.034581907519983135,0.034581907519983135,0.034581907519983135,1.5530952842069659,1.5530952842069659,1.5530952842069659,1.2464596032092679,1.2464596032092679,1.2464596032092679,0.19151032302507406,0.19151032302507404,0.19151032302507404
185,0.279,0.012331744164239634,0.012331744164239634,0.012331744164239634,0.7264650773254419,0.7264650773254419,0.7264650773254419,1.0856816853056726,1.0856816853056726,1.0856816853056726,0.05048691975635635,0.05048691975635635,0.05048691975635635
186,0.28,0.14851100276157214,0.1393725778039639,0.1590773066188067,1.3020072632205453,0.8923278059423039,1.775699135698512,1.319398639625404,0.9934833388494171,1.696238206147639,0.1764896013574114,0.05937950448408773,0.3118981508671918
187,0.281,0.1144677383765943,0.010515074479194614,0.20509313767176324,0.9899253647392938,0.41796612513492,1.645996257226664,0.9085797327855736,0.6561547406915242,1.198126047246395,0.19062111967004947,0.07916804774425164,0.31846434923199396
188,0.282,0.1711802959003859,0.12777225503897113,0.22041127051336756,0.6561297420888329,0.28031950867107963,0.8542198622968915,1.2561228494926036,0.17869999382309246,2.267410978894843,0.14656984969980638,0.059778436790741823,0.2612738114704588
189,0.283,0.07538638621568723,0.07538638621568722,0.07538638621568722,0.2990433383154947,0.29904333831549473,0.29904333831549473,0.9394856173220283,0.9394856173220283,0.9394856173220283,0.11078235309232325,0.11078235309232326,0.11078235309232326
190,0.284,0.04451119404164142,0.026543892258386517,0.06478199605351878,1.2788571590234057,0.7056614766195684,1.925539467376453,1.08146527664496,0.35531757754058474,1.9007088346088705,0.07737587516974377,0.06185592105357921,0.09488556699310888
191,0.285,0.025345312468074106,0.0019474715456020808,0.05855515119674407,0.7495581418997105,0.46789376050528153,1.149339844524061,0.5232728527836578,0.14724772959533425,1.056985930857407,0.14404035814331556,0.038911901746324445,0.2932549414164642
192,0.286,0.13698744652240233,0.047377614607081044,0.2564881503421455,0.20572568936186073,0.032657608260420204,0.4713280208674772,0.9115647024937304,0.517456659679125,1.1320325093080166,0.14066837224326237,0.05311291940936062,0.2645352241370531
193,0.287,0.0986688059779749,0.0986688059779749,0.0986688059779749,0.5935014689104201,0.59350146891042,0.59350146891042,1.4572502208986813,1.4572502208986813,1.4572502208986813,0.08642793179342051,0.08642793179342051,0.08642793179342051
194,0.288,0.039659349700413606,0.009651235777431568,0.059530887725684975,1.1942236792294787,1.0844017104076589,1.389746149254905,1.1658132933464873,0.8847829103487119,1.5202987475290104,0.11784543121742806,0.008448919855313443,0.3857772888152737
195,0.289,0.0755801112279295,0.06987425805228152,0.08165808526285888,0.4865493387964015,0.2922812032107029,0.6689235068972612,1.577993537894291,1.4127357474178326,1.7540290103583454,0.15079314983263278,0.0936302777992377,0.2044562541905139
196,0.29,0.09884716168967002,0.06251528615906812,0.14426200610292242,0.7601629128674051,0.312848301993159,1.3193061764602128,1.2286135348272096,0.9053315702350119,1.6327159905674562,0.1253698092963391,0.004479938562894026,0.27648214771314544
197,0.291,0.14574598497603766,0.11212473396820587,0.2065745956604248,0.6698918156193565,0.14700873440578408,1.9577031019915068,0.7678353345164289,0.16327199895530342,1.0893673960527333,0.17240049250472958,0.04800821927573189,0.27538373534597216
198,0.292,0.08091005582580725,0.03525246837493899,0.10554411625451057,1.2680263889491814,0.13879292735186044,1.8575304387602594,1.2259566581270043,0.7474665877804476,1.5427826117126278,0.15219729048388703,0.010316108578485155,0.34680664537862543
199,0.293,0.13465372939081963,0.10884480732753965,0.15594609009302562,1.0987080382578516,0.639612513518889,1.655187462183867,1.6147608177896187,1.5549261205375517,1.6872877235497,0.23361172185095982,0.12510863707004424,0.3651306124944939
200,0.294,0.18866352774450104,0.18866352774450107,0.18866352774450107,0.10777435010108836,0.10777435010108832,0.10777435010108832,1.052939371537902,1.0529393715379018,1.0529393715379018,0.04735018858595279,0.04735018858595278,0.04735018858595278
201,0.295,0.2363569487201735,0.2363569487201735,0.2363569487201735,1.0887407383090544,1.0887407383090544,1.0887407383090544,1.0696724890701381,1.0696724890701381,1.0696724890701381,0.17152369017753097,0.17152369017753097,0.17152369017753097
202,0.298,0.08580893941705908,0.0858089394170591,0.0858089394170591,1.264114551616226,1.2641145516162262,1.2641145516162262,1.8923235644983682,1.8923235644983685,1.8923235644983685,0.2483132757516201,0.24831327575162013,0.24831327575162013
203,0.299,0.1601450919062003,0.09720625281333953,0.23567169881763322,0.639332191970166,0.35568289797708436,0.9797113447618643,1.5624088218600876,1.2849741918888344,1.793604346836132,0.17239912398814922,0.15630136922975305,0.19171642969822458
204,0.3,0.011305822551603187,0.011305822551603189,0.011305822551603189,1.4414522696281813,1.4414522696281815,1.4414522696281815,1.241770622171947,1.2417706221719467,1.2417706221719467,0.070259599747525,0.070259599747525,0.070259599747525
205,0.301,0.11648967092351922,0.11648967092351924,0.11648967092351924,0.626530953895973,0.626530953895973,0.626530953895973,0.8804090337113568,0.8804090337113568,0.8804090337113568,0.2145361575745586,0.2145361575745586,0.2145361575745586
206,0.302,0.15002339492035383,0.1268547064259226,0.16637252157404844,0.7215308620867793,0.33323138430220817,1.1881322385052928,0.8379363172915056,0.008820531920704769,1.5224878906739485,0.26446267043056143,0.20482502929038326,0.36759733452179977
207,0.303,0.23453969174055944,0.23453969174055941,0.23453969174055941,1.3959519734741481,1.3959519734741481,1.3959519734741481,1.4655510875449667,1.4655510875449667,1.4655510875449667,0.02927528116341315,0.029275281163413155,0.029275281163413155
208,0.304,0.08258638972873235,0.007572502934029566,0.2688221476602782,1.312846505826471,0.6897085565346501,2.068179669208738,1.31204018299395,0.04074301878187519,1.8156560543435816,0.10767240759665787,0.02088861681023606,0.2442632133368324
209,0.305,0.13583588302583863,0.0821859767363866,0.17195086972978765,1.0593405583274957,0.37673959669583645,1.5949898114230192,1.332125307140143,0.7606507843755953,1.8279862251782317,0.29769470324680697,0.1947137440660921,0.37819364992454607
210,0.307,0.1663723722243612,0.16637237222436121,0.16637237222436121,1.3776056347153094,1.3776056347153094,1.3776056347153094,1.6735693998978431,1.673569399897843,1.673569399897843,0.2512290735511436,0.25122907355114354,0.25122907355114354
211,0.308,0.00308323726289408,0.0030832372628940797,0.0030832372628940797,1.266150233056878,1.266150233056878,1.266150233056878,1.1699200770608442,1.1699200770608442,1.1699200770608442,0.19504486909390298,0.19504486909390298,0.19504486909390298
212,0.309,0.05614583564742532,0.05614583564742531,0.05614583564742531,0.02824755326380972,0.028247553263809712,0.028247553263809712,0.6332139441138032,0.633213944113803,0.633213944113803,0.09266960960253127,0.0926696096025313,0.0926696096025313
213,0.31,0.10653119735228567,0.0650691960417135,0.14972078205079836,0.4861145117618652,0.03384042092860935,0.9572333563798403,2.1738433727483844,2.031232128492416,2.3223967521816857,0.06981911978481607,0.040307249938035604,0.09815051483772531
214,0.311,0.105467507568308,0.10546750756830801,0.10546750756830801,0.7826975981160861,0.7826975981160859,0.7826975981160859,0.9805600510793095,0.9805600510793097,0.9805600510793097,0.08461219263584675,0.08461219263584675,0.08461219263584675
215,0.312,0.12380797620853765,0.12380797620853765,0.12380797620853765,1.4603056542766162,1.4603056542766162,1.4603056542766162,1.5832204860132206,1.5832204860132209,1.5832204860132209,0.2024492167856736,0.20244921678567362,0.20244921678567362
216,0.313,0.09738591817122408,0.09738591817122409,0.09738591817122409,1.0376860650679705,1.0376860650679702,1.0376860650679702,0.7852512644958232,0.7852512644958232,0.7852512644958232,0.2561599377154237,0.2561599377154237,0.2561599377154237
217,0.314,0.2640558215330657,0.2634294664845721,0.26463847739212965,1.0599703134975424,0.9661949360163894,1.1607788442897824,0.8041917900361963,0.34036533865031793,1.3028052252760163,0.12129304581420285,0.053417049225812537,0.19425974214672248
218,0.317,0.04122264110862869,0.001770141532744732,0.08067514068451263,0.9974650716357126,0.7134146843044482,1.2815154589669768,1.4630470872616135,1.207895411374471,1.7181987631487559,0.09805728533018562,0.07860693538790602,0.11750763527246522
219,0.318,0.0414680644587193,0.03070251433279418,0.051544552684525194,0.4564997242516305,0.017445213756171602,0.6946460301592194,1.1173782685820683,0.41545252284123707,1.640716858167336,0.05937838331647891,0.0034931879172478597,0.10878084212482522
220,0.319,0.0869008389417244,0.02636392579064968,0.16804603575550497,1.0374204307799197,0.04730875394077495,1.8902579667804744,1.0538919695474787,0.9288979216463472,1.2065234316482851,0.292245604711459,0.11231812521889317,0.41616808968485064
221,0.32,0.036898142072366726,0.005143036612725284,0.05399986599402839,0.8818473806991318,0.1805571053412194,1.2907246465320825,1.1013248991402422,0.8184064374473494,1.3431507751450165,0.14918225131953358,0.00661624033351228,0.3402077245535993
222,0.322,0.1550772236077485,0.1550772236077485,0.1550772236077485,0.40512226577203037,0.40512226577203053,0.40512226577203053,1.5836660664922515,1.5836660664922513,1.5836660664922513,0.227706019093072,0.22770601909307206,0.22770601909307206
223,0.323,0.09272151316630999,0.028008124419537265,0.16532677858951836,1.162971981086458,1.1091185706245186,1.2233928806291223,1.8011836774142906,1.6333002402404126,1.989540704487424,0.15232070730718045,0.13894300498079803,0.16732983674653643
224,0.324,0.21318876178507193,0.21318876178507198,0.21318876178507198,0.7641466900992725,0.7641466900992724,0.7641466900992724,1.0841084552216946,1.0841084552216946,1.0841084552216946,0.13910608550146797,0.13910608550146794,0.13910608550146794
225,0.325,0.2358796336157059,0.23587963361570588,0.23587963361570588,0.659810319503079,0.6598103195030789,0.6598103195030789,0.9946368896474266,0.9946368896474268,0.9946368896474268,0.19898746418367058,0.19898746418367064,0.19898746418367064
226,0.326,0.061339711002398004,0.061339711002398,0.061339711002398,0.2057384127273277,0.2057384127273277,0.2057384127273277,1.755024083658068,1.7550240836580677,1.7550240836580677,0.006421723361311169,0.006421723361311168,0.006421723361311168
227,0.329,0.08223869236321124,0.08223869236321123,0.08223869236321123,0.5311406130480063,0.5311406130480064,0.5311406130480064,1.878418490048348,1.878418490048348,1.878418490048348,0.02448834563700395,0.02448834563700395,0.02448834563700395
228,0.331,0.20466941378267725,0.2046694137826773,0.2046694137826773,1.1208535607016392,1.120853560701639,1.120853560701639,1.4431929160083479,1.4431929160083483,1.4431929160083483,0.1853570287912007,0.18535702879120072,0.18535702879120072
229,0.333,0.3122277280251843,0.31222772802518417,0.31222772802518417,0.31125398035243124,0.3112539803524313,0.3112539803524313,1.3192455616804508,1.3192455616804504,1.3192455616804504,0.05934111464565151,0.05934111464565152,0.05934111464565152
230,0.335,0.04695911272042674,0.014989990548340965,0.07736876551826444,0.5721010104842218,0.5450824523811278,0.5978015901432624,0.24135257138483385,0.17779301469181097,0.30181166189770925,0.2840751187044023,0.15972977906236988,0.4147971424306414
231,0.337,0.07155210338300734,0.05874541549028954,0.08649323925784475,0.926792437212278,0.3641007563143283,1.5832660649265529,1.0629587725979364,0.6479169907236279,1.5471741847846296,0.13608035006366034,0.11660844026504132,0.15277055846247664
232,0.34,0.14034523472758062,0.07180700082303985,0.22446033997406253,0.6250908349262346,0.6118497511804084,0.6358798661265375,1.1771639595861656,0.7713134608847491,1.6752532079924494,0.19640206879812716,0.168604746480083,0.23051696437027236
233,0.341,0.030420141406802065,0.018715216629290463,0.04084816529949422,0.9767426430320844,0.6538810500290024,1.3391383086477886,0.47801360219538047,0.10743139510666623,0.808168659419871,0.0726881807384195,0.01863187632315908,0.13336362446983427
234,0.343,0.0676673132733971,0.0676673132733971,0.0676673132733971,0.4110495590912111,0.41104955909121116,0.41104955909121116,1.872061987681297,1.8720619876812974,1.8720619876812974,0.3391049494754335,0.3391049494754334,0.3391049494754334
235,0.345,0.09752260815544463,0.0975226081554446,0.0975226081554446,0.7355855235488908,0.7355855235488906,0.7355855235488906,0.37319405713260806,0.3731940571326081,0.3731940571326081,0.35212742397496716,0.35212742397496727,0.35212742397496727
236,0.347,0.0744628202327058,0.0744628202327058,0.0744628202327058,2.29900473502978,2.2990047350297798,2.2990047350297798,1.9918250856055706,1.9918250856055708,1.9918250856055708,0.12479919488899134,0.12479919488899131,0.12479919488899131
237,0.349,0.010903588754067745,0.010903588754067745,0.010903588754067745,1.0576446985128223,1.0576446985128223,1.0576446985128223,0.8859806110274357,0.8859806110274357,0.8859806110274357,0.038166187361000525,0.038166187361000525,0.038166187361000525
238,0.35,0.028086463852689425,0.028086463852689425,0.028086463852689425,0.42702843054361267,0.42702843054361267,0.42702843054361267,1.8712281946014382,1.8712281946014382,1.8712281946014382,0.09058336358168238,0.09058336358168237,0.09058336358168237
239,0.351,0.09749478575290825,0.057401153282973,0.141597781469837,0.5871713243284246,0.4779313628913495,0.707335281909207,0.7572471944090264,0.42770911009251195,1.1197390871571924,0.07166929174145462,0.013449011592303755,0.13571159990552062
240,0.353,0.19897588212670198,0.19897588212670209,0.19897588212670209,0.611936445571662,0.6119364455716622,0.6119364455716622,1.502171347529398,1.502171347529398,1.502171347529398,0.1131788696236124,0.11317886962361234,0.11317886962361234
241,0.354,0.04478507830523476,0.044785078305234746,0.044785078305234746,0.2560733130745465,0.2560733130745465,0.2560733130745465,1.178984277260738,1.178984277260738,1.178984277260738,0.02744036543257014,0.027440365432570144,0.027440365432570144
242,0.355,0.22818715594311023,0.22818715594311023,0.22818715594311023,1.4801705508083722,1.480170550808372,1.480170550808372,0.6101601651544972,0.6101601651544972,0.6101601651544972,0.14538355902447406,0.14538355902447406,0.14538355902447406
243,0.357,0.09668170987829315,0.09668170987829314,0.09668170987829314,0.7672260040163534,0.7672260040163534,0.7672260040163534,0.08387427128293318,0.08387427128293318,0.08387427128293318,0.29737472756175237,0.29737472756175237,0.29737472756175237
244,0.359,0.04667453036349651,0.0466745303634965,0.0466745303634965,0.6177662430708588,0.6177662430708588,0.6177662430708588,1.9092572855007406,1.9092572855007406,1.9092572855007406,0.10885913744369695,0.10885913744369692,0.10885913744369692
245,0.362,0.1326306142929624,0.13263061429296244,0.13263061429296244,0.510373164199152,0.5103731641991521,0.5103731641991521,1.3059742299626604,1.3059742299626607,1.3059742299626607,0.47108222987927695,0.47108222987927706,0.47108222987927706
246,0.364,0.09460114360523987,0.09460114360523988,0.09460114360523988,1.2080533295273639,1.2080533295273637,1.2080533295273637,1.4485423222658842,1.448542322265884,1.448542322265884,0.3837595633084952,0.38375956330849526,0.38375956330849526
247,0.365,0.08193625166015507,0.011854223432194156,0.13854096676735425,1.0663732669570762,0.379481255725734,1.6211706606439298,0.8108426005886255,0.7538934444589311,0.8813510796063426,0.17056719537585005,0.018224141906222138,0.35918240443348465
248,0.366,0.22003240077480532,0.22003240077480532,0.22003240077480532,1.7082610107629925,1.7082610107629925,1.7082610107629925,1.0820159645888436,1.0820159645888436,1.0820159645888436,0.15674308503862147,0.15674308503862147,0.15674308503862147
249,0.367,0.01667246384030938,0.006701769911905525,0.028883482098414123,1.6871882676189358,1.484818470457211,1.914030603600881,1.8724985654235953,1.312090048621965,2.2937246007822902,0.10705009111443015,0.04802322041673158,0.22944825309813646
250,0.369,0.06596163338875849,0.029428733463862298,0.10535985879796024,0.8258454417929981,0.6516525965802386,0.9873697164448295,1.67231331012945,1.6406454608576535,1.70646491228531,0.08423756572379063,0.074296073263723,0.09345604055039883
251,0.37,0.12861494230911993,0.061788222698940985,0.192966598230033,1.141925037431827,1.1223762480766457,1.1607497975516312,1.0145129547175133,0.47055993902415183,1.5793872402452347,0.0374754934007271,0.018566022998545095,0.05711225112606995
252,0.371,0.06381272859772824,0.034984692129355184,0.11200717879565453,1.126750357844101,0.41640377580454685,1.5330999931683578,1.2389749842462363,0.7860651934964958,1.7027910742111692,0.12488227344498984,0.0958140243445615,0.17072439538652698
253,0.375,0.1659776820333121,0.1659776820333121,0.1659776820333121,0.8718637443531364,0.8718637443531364,0.8718637443531364,1.025283814932374,1.025283814932374,1.025283814932374,0.3082684407414384,0.30826844074143833,0.30826844074143833
254,0.377,0.19275489683823385,0.19275489683823377,0.19275489683823377,0.07012039714045043,0.07012039714045042,0.07012039714045042,0.8420364356992535,0.8420364356992532,0.8420364356992532,0.024827418346909918,0.024827418346909918,0.024827418346909918
255,0.378,0.01298185940823028,0.012981859408230281,0.012981859408230281,1.074193192094626,1.0741931920946262,1.0741931920946262,0.36295312641296257,0.3629531264129627,0.3629531264129627,0.104640772331688,0.10464077233168799,0.10464077233168799
256,0.381,0.048440974365427124,0.026682868333433748,0.07103593062942029,0.9142325793510571,0.6997789457307959,1.1369344296490207,0.8690616257661005,0.6598294075516985,1.0705445025651545,0.055165294521299826,0.03378664233508883,0.0757521447746882
257,0.386,0.22175885440522783,0.1852294649991997,0.2613971280160243,1.3025316142014554,1.0139690860812223,1.6156526553531974,0.9722790639041784,0.5306308987593789,1.3792881572729154,0.17016500190469003,0.14973979256212688,0.192328526935982
258,0.389,0.17652844472207324,0.04235873172220861,0.33353555567936155,0.1728976916264665,0.023937664866578695,0.34721261655825025,0.7887483264145844,0.11755771185253609,1.3623112152221528,0.18558766536864454,0.12637525971484057,0.23618735747280423
259,0.39,0.1106626205278792,0.053938945632294906,0.16147757928850678,1.1427407465900397,0.719437371005228,1.6152654449172714,1.0338140355345236,0.9070186364820557,1.1753530856396044,0.2780046507924834,0.19111915726476422,0.3749931086838908
260,0.391,0.00651719378679871,0.00651719378679871,0.00651719378679871,1.9641164258545103,1.9641164258545099,1.9641164258545099,0.750095265211806,0.7500952652118063,0.7500952652118063,0.24546982026274197,0.24546982026274208,0.24546982026274208
261,0.392,0.15220616557278394,0.15220616557278396,0.15220616557278396,1.1857274318855315,1.1857274318855315,1.1857274318855315,1.4467754258723866,1.4467754258723862,1.4467754258723862,0.11608041640964377,0.11608041640964377,0.11608041640964377
262,0.395,0.03432791266811994,0.010946291807428328,0.05312490198749949,1.155173642375537,0.6831967102037539,1.7422668994672665,1.221568076670922,0.9049949840212562,1.6153541187473357,0.21324469668188825,0.07194636309823196,0.38900603845668014
263,0.399,0.08700885234203544,0.08700885234203548,0.08700885234203548,0.29342049716813134,0.2934204971681313,0.2934204971681313,2.0177961146316448,2.0177961146316443,2.0177961146316443,0.09089138311259998,0.09089138311259992,0.09089138311259992
264,0.402,0.020669895063062525,0.020669895063062518,0.020669895063062518,0.48363658725318676,0.4836365872531867,0.4836365872531867,1.7066012689148415,1.7066012689148418,1.7066012689148418,0.15029961057872124,0.15029961057872124,0.15029961057872124
265,0.403,0.020035848422002664,0.020035848422002664,0.020035848422002664,0.37815600303906366,0.37815600303906366,0.37815600303906366,1.078278673906767,1.078278673906767,1.078278673906767,0.1723386328604072,0.17233863286040718,0.17233863286040718
266,0.404,0.06693883339169687,0.06693883339169687,0.06693883339169687,0.5256079496972221,0.5256079496972224,0.5256079496972224,1.3244514277812012,1.3244514277812014,1.3244514277812014,0.30285131686688116,0.3028513168668811,0.3028513168668811
267,0.409,0.14764257830092944,0.14764257830092947,0.14764257830092947,0.4385975964587043,0.4385975964587043,0.4385975964587043,1.241181134337834,1.241181134337834,1.241181134337834,0.26087983861109243,0.26087983861109243,0.26087983861109243
268,0.411,0.1252198250408005,0.1252198250408005,0.1252198250408005,1.2665575466798649,1.266557546679865,1.266557546679865,0.9853793758390128,0.9853793758390128,0.9853793758390128,0.28207144728524863,0.28207144728524863,0.28207144728524863
269,0.412,0.04301855978524162,0.04301855978524162,0.04301855978524162,0.7425637260533143,0.7425637260533144,0.7425637260533144,1.677042993355188,1.6770429933551882,1.6770429933551882,0.1616854526899686,0.1616854526899686,0.1616854526899686
270,0.413,0.18882445106954215,0.1158478010710793,0.2646078952987152,0.5522916942254069,0.41014500133627396,0.6999055676102756,1.5088100102959003,1.4971713841885836,1.5200175761770205,0.23902589055364573,0.2359475667576177,0.2419902023572284
271,0.414,0.1098650405592874,0.10986504055928738,0.10986504055928738,1.2088706072569186,1.2088706072569186,1.2088706072569186,0.8457593840278294,0.8457593840278295,0.8457593840278295,0.2812227783165293,0.28122277831652936,0.28122277831652936
272,0.418,0.022781555857584523,0.02278155585758452,0.02278155585758452,0.7920317390873349,0.7920317390873349,0.7920317390873349,1.2673993255763443,1.2673993255763438,1.2673993255763438,0.2784766065879,0.27847660658790013,0.27847660658790013
273,0.421,0.05440440162017652,0.05440440162017652,0.05440440162017652,1.992059426462621,1.992059426462621,1.992059426462621,1.4265749902019733,1.4265749902019733,1.4265749902019733,0.36480585445996755,0.36480585445996755,0.36480585445996755
274,0.423,0.02644406003931236,0.026444060039312368,0.026444060039312368,1.2981100459040276,1.298110045904028,1.298110045904028,1.3460275482146928,1.346027548214693,1.346027548214693,0.41054469933696996,0.4105446993369699,0.4105446993369699
275,0.424,0.22674703468744128,0.22674703468744123,0.22674703468744123,1.3285481416301068,1.3285481416301068,1.3285481416301068,1.7389762358067486,1.738976235806749,1.738976235806749,0.1535683332004985,0.15356833320049856,0.15356833320049856
276,0.43,0.05995119343422157,0.05995119343422158,0.05995119343422158,0.9817120991244791,0.9817120991244791,0.9817120991244791,1.2188052629819608,1.2188052629819608,1.2188052629819608,0.2730469283674169,0.2730469283674169,0.2730469283674169
277,0.444,0.1575553966128066,0.15755539661280657,0.15755539661280657,0.7690260418145687,0.7690260418145686,0.7690260418145686,1.0779432315640665,1.0779432315640667,1.0779432315640667,0.24709551115408807,0.2470955111540881,0.2470955111540881
278,0.446,0.13020797259194158,0.13020797259194156,0.13020797259194156,1.1792406382707048,1.1792406382707046,1.1792406382707046,0.8512924712511115,0.8512924712511113,0.8512924712511113,0.30263018579782025,0.3026301857978202,0.3026301857978202
